-1.809462133003120421e+00,4.407619696631757122e-01,2.874301872440983008e-01,-5.834722548097696082e-01,-1.238715701750419396e-01,4.338123507664993772e-01,-6.246951558888748091e-01,-2.086194374960636200e+00,8.441482090974354868e-01,0.000000000000000000e+00
-1.753658843727219363e+00,4.626713259253799615e-01,1.082702487038700589e-01,-3.019176500797223772e-01,-7.348939324219877500e-02,8.667779281471481578e-01,-6.802666069853781083e-01,-2.296523371498176314e+00,9.035093109126592914e-01,0.000000000000000000e+00
-1.890888276748093233e+00,5.722380520304498619e-01,1.868049568875047861e-02,-3.885446050993149325e-01,-3.989807336914778096e-02,3.882370268316942541e-01,-4.023792369159241988e-01,-1.455217380548155415e+00,1.081582477826850575e+00,0.000000000000000000e+00
-1.163299614404079474e+00,4.517216339927899726e-01,8.697195549898508737e-01,-1.124927154217304714e+00,1.028530288994856101e-01,9.579285760167585151e-01,-9.952049571843826214e-01,-1.202828581823191190e+00,-7.585102931302880602e-01,0.000000000000000000e+00
-1.081794721970765094e+00,4.955403465171985267e-01,9.145095396249079966e-01,-1.038290484388356916e+00,1.028530288994856101e-01,9.579285760167585151e-01,-8.840520167957304221e-01,-1.160758784435627522e+00,-4.914005427590007469e-01,0.000000000000000000e+00
-1.727947396983763095e+00,5.503286957682456126e-01,3.322201718791553127e-01,-2.152809802507746895e-01,4.407542343674639151e-02,1.049079223886368650e+00,-5.876441757593240389e-01,-2.002064775385647533e+00,8.441482090974354868e-01,0.000000000000000000e+00
-1.026080024969248328e+00,6.598954218733155130e-01,1.228049215815312900e+00,-8.000542145727835841e-01,1.952219542352758574e-01,1.026291561918966089e+00,-5.320626864671750278e-01,-7.821705887481112951e-01,-4.914005427590007469e-01,0.000000000000000000e+00
-1.722188899148800578e+00,5.722380520304498619e-01,1.530602333389270986e-01,-2.369450051126891499e-01,2.727496062348753331e-02,9.807162379841610766e-01,-5.320626864671750278e-01,-1.875865378423096086e+00,7.551116256403397342e-01,0.000000000000000000e+00
-1.453498374528058079e+00,8.023211961731796515e-01,3.770199402592178672e-01,-4.968355849808218649e-01,3.567999490685030278e-02,7.300519563427327885e-01,-9.766844862174303143e-01,-1.707606179273119640e+00,7.250457815692556984e-02,0.000000000000000000e+00
-1.061841773062271344e+00,5.503286957682456126e-01,1.093679261910141642e+00,-1.081608819302830593e+00,8.605256608622677272e-02,9.807162379841610766e-01,-7.914195473740304188e-01,-1.160758784435627522e+00,-5.804371262160965550e-01,0.000000000000000000e+00
-1.093223125366305837e+00,5.065000108468127316e-01,1.138469246545198876e+00,-1.059954509250271348e+00,-3.150264483925170611e-02,9.579285760167585151e-01,-8.840520167957304221e-01,-1.160758784435627522e+00,-4.617149225856488903e-01,0.000000000000000000e+00
-1.127528022725013734e+00,8.242405248324081724e-01,9.145095396249079966e-01,-6.917632346912765406e-01,1.532352058323288024e-01,1.071866885853771212e+00,-7.728990764070780006e-01,-1.034559387473075409e+00,1.912166432558932150e-01,0.000000000000000000e+00
-1.011806825207375748e+00,6.598954218733155130e-01,1.183259231180255888e+00,-8.650268595398167282e-01,1.532352058323288024e-01,1.117442209788576557e+00,-4.579607262080733765e-01,-8.663001883230994071e-01,-3.430028574866811897e-01,0.000000000000000000e+00
-1.722188899148800578e+00,5.503286957682456126e-01,-1.156894582164206819e-01,-3.019176500797223772e-01,-7.348939324219877500e-02,8.895655901145507194e-01,-6.987971161479763493e-01,-2.338583173685600425e+00,8.738338292707873434e-01,0.000000000000000000e+00
-1.047479981026014473e+00,4.626713259253799615e-01,1.362428953465489645e+00,-9.949721494738832384e-01,9.445760036958952832e-02,9.579285760167585151e-01,-6.987971161479763493e-01,-1.076629184860639521e+00,-5.210760244008727504e-01,0.000000000000000000e+00
-1.067521522208892515e+00,4.845906545846084823e-01,1.272839200450370134e+00,-1.081608819302830593e+00,3.567999490685030278e-02,1.026291561918966089e+00,-6.617461360184255792e-01,-9.924995852856512979e-01,-4.617149225856488903e-01,0.000000000000000000e+00
-1.081794721970765094e+00,7.585024836487711530e-01,1.317638968830432633e+00,-3.452262701848410886e-01,1.700260628921209383e-01,1.231380519625589365e+00,-8.470010366661796519e-01,-9.083699857106632969e-01,8.738338292707873434e-01,0.000000000000000000e+00
-9.860953784639193698e-01,6.270264012814970034e-01,9.145095396249079966e-01,-1.016636174335797671e+00,1.616306343622248565e-01,1.049079223886368650e+00,-4.950117063376242021e-01,-1.076629184860639521e+00,-4.621762547352206707e-02,0.000000000000000000e+00
-1.123324811484793351e+00,8.571095454242267930e-01,1.093679261910141642e+00,-4.318629400137887209e-01,2.120128112950679933e-01,1.163017533723381458e+00,-6.987971161479763493e-01,-7.821705887481112951e-01,4.583263936271804728e-01,0.000000000000000000e+00
-1.499241518868349443e+00,9.338072509374780727e-01,6.009698634345030932e-01,-3.235719601322817329e-01,1.532352058323288024e-01,7.300519563427327885e-01,-7.358480962775272305e-01,-1.623476579698131861e+00,-2.836417556714573851e-01,0.000000000000000000e+00
-1.413425135748345163e+00,9.228475866078638123e-01,4.218099248942748791e-01,-5.834722548097696082e-01,2.088675033799303540e-03,8.895655901145507194e-01,-1.124888406735633506e+00,-1.623476579698131861e+00,1.318555414406694104e-01,0.000000000000000000e+00
-1.646432660964405992e+00,5.393690314386313522e-01,-1.604794428514777216e-01,-1.069900003692676738e-01,-3.989807336914778096e-02,1.049079223886368650e+00,-6.246951558888748091e-01,-2.128254177148060311e+00,9.331847925545312394e-01,0.000000000000000000e+00
-1.362012085847475351e+00,8.680592373568167819e-01,3.322201718791553127e-01,-6.267905897242433966e-01,-8.188482177209485680e-02,8.667779281471481578e-01,-1.143418915898231969e+00,-1.791735778848107863e+00,1.318555414406694104e-01,0.000000000000000000e+00
-1.117556470063788110e+00,8.132808605027940230e-01,1.228049215815312900e+00,-4.535172500663480766e-01,2.204082398249640473e-01,1.231380519625589365e+00,-7.173175871149288785e-01,-7.401107865606870728e-01,5.176874954424043329e-01,0.000000000000000000e+00
-9.302920891880186449e-01,7.913715042405896627e-01,1.093679261910141642e+00,-7.350815696057503290e-01,2.875812738175994032e-01,1.254168181592991926e+00,-4.394302170454749690e-01,-5.718415922105712923e-01,7.847972458136915908e-01,0.000000000000000000e+00
-1.590717963962889225e+00,8.571095454242267930e-01,1.978502179739841660e-01,1.312462694463056856e-01,1.196438859592777876e-01,1.185805195690784020e+00,-5.876441757593240389e-01,-1.791735778848107863e+00,8.441482090974354868e-01,0.000000000000000000e+00
-1.061841773062271344e+00,8.571095454242267930e-01,1.362428953465489645e+00,-3.019176500797223772e-01,2.623949882279111856e-01,1.345318829462602173e+00,-6.432156268558273382e-01,-6.139113895981351821e-01,1.140943579642074601e+00,0.000000000000000000e+00
-9.445652889498913352e-01,6.160667369518826320e-01,1.183259231180255888e+00,-8.000542145727835841e-01,2.120128112950679933e-01,1.094654547821173995e+00,-2.912262965272718884e-01,-1.118688987048063632e+00,-1.649296905724897400e-01,0.000000000000000000e+00
-1.427786927784601589e+00,9.666762715292966934e-01,6.905596164496227152e-01,-3.885446050993149325e-01,1.112484574293817058e-01,9.123532520819533920e-01,-6.617461360184255792e-01,-1.581406782310567971e+00,7.250457815692556984e-02,0.000000000000000000e+00
-1.077581667144501987e+00,7.913715042405896627e-01,1.362428953465489645e+00,-2.369450051126891499e-01,1.952219542352758574e-01,1.049079223886368650e+00,-7.914195473740304188e-01,-8.242403861356751849e-01,5.176874954424043329e-01,0.000000000000000000e+00
-9.246221836274401973e-01,7.475428193191567816e-01,9.592995242599650085e-01,-6.700992098293621080e-01,2.456041311681190220e-01,1.231380519625589365e+00,-4.394302170454749690e-01,-8.242403861356751849e-01,3.396143285282128277e-01,0.000000000000000000e+00
-1.006038483786370286e+00,6.818047781355197623e-01,1.004099292640027841e+00,-7.567358796583097957e-01,2.288036683548601569e-01,1.140229871755979119e+00,-3.653282567863734287e-01,-8.663001883230994071e-01,1.021800597987974901e-01,0.000000000000000000e+00
-9.246221836274401973e-01,7.804118399109754023e-01,9.145095396249079966e-01,-7.350815696057503290e-01,2.791858452877032937e-01,1.254168181592991926e+00,-4.023792369159241988e-01,-8.242403861356751849e-01,4.880018752690524209e-01,0.000000000000000000e+00
-1.636461108303180589e+00,8.461498810946125326e-01,1.004099292640027841e+00,-4.535172500663480766e-01,1.532352058323288024e-01,5.705383225709148576e-01,-7.543685672444796486e-01,-1.623476579698131861e+00,1.314347634170174965e-02,0.000000000000000000e+00
-1.061841773062271344e+00,8.242405248324081724e-01,1.407218938100546657e+00,-2.802536252178078890e-01,2.371990968847562664e-01,1.459257139299614980e+00,-6.617461360184255792e-01,-7.401107865606870728e-01,1.081582477826850575e+00,0.000000000000000000e+00
-1.524943122025762765e+00,8.242405248324081724e-01,6.348026406881300543e-02,1.529102943082201738e-01,1.048410356369537839e-02,8.439902661797457073e-01,-2.171243362681703482e-01,-1.707606179273119640e+00,8.441482090974354868e-01,1.000000000000000000e+00
-1.483501624786118800e+00,9.995452921211153141e-01,6.905596164496227152e-01,-3.668902950467555213e-01,1.616306343622248565e-01,9.807162379841610766e-01,-5.135321773045765648e-01,-1.749675976660683752e+00,-1.649296905724897400e-01,1.000000000000000000e+00
-1.473530072124892953e+00,9.666762715292966934e-01,7.353496010846797271e-01,-3.452262701848410886e-01,8.605256608622677272e-02,8.439902661797457073e-01,-5.505931956297732688e-01,-1.581406782310567971e+00,-2.836417556714573851e-01,1.000000000000000000e+00
-1.606457858045119869e+00,7.256334630569526434e-01,6.348026406881300543e-02,3.045098942948458731e-01,1.364347430190699373e-01,1.436469477332212419e+00,-4.209097460785226064e-01,-1.833805576235671753e+00,1.200294542925818497e+00,1.000000000000000000e+00
-1.620731057806992448e+00,7.913715042405896627e-01,9.145095396249079966e-01,-4.535172500663480766e-01,1.616306343622248565e-01,6.389013084731225423e-01,-6.987971161479763493e-01,-1.749675976660683752e+00,1.314347634170174965e-02,1.000000000000000000e+00
-1.244814350423436577e+00,8.790189016864310423e-01,1.004099292640027841e+00,-1.719626453363008733e-01,6.086628049653854122e-02,8.895655901145507194e-01,-7.358480962775272305e-01,-9.924995852856512979e-01,8.144727274555635388e-01,1.000000000000000000e+00
-9.860953784639193698e-01,5.831977163600641223e-01,1.138469246545198876e+00,-8.433725494872574835e-01,2.204082398249640473e-01,1.163017533723381458e+00,-5.038990658736883926e-02,-6.559811869856990718e-01,-1.352542089306178197e-01,1.000000000000000000e+00
-9.903084332901824771e-01,5.941573806896783827e-01,1.093679261910141642e+00,-8.000542145727835841e-01,2.371990968847562664e-01,1.094654547821173995e+00,-6.892041574996725373e-02,-6.559811869856990718e-01,-1.055685887572659215e-01,1.000000000000000000e+00
-1.596397713109510397e+00,8.132808605027940230e-01,1.978502179739841660e-01,1.529102943082201738e-01,1.448397773024326929e-01,1.436469477332212419e+00,-6.061646467262765681e-01,-1.707606179273119640e+00,1.111257959468722634e+00,1.000000000000000000e+00
-1.596397713109510397e+00,7.475428193191567816e-01,1.586378876640774704e+00,-4.201735540223449500e-02,7.765713755633069093e-02,9.807162379841610766e-01,-6.802666069853781083e-01,-1.160758784435627522e+00,1.022221376011626992e+00,1.000000000000000000e+00
-1.077581667144501987e+00,7.913715042405896627e-01,1.093679261910141642e+00,-8.533569031670831806e-02,1.784214914220169923e-01,1.026291561918966089e+00,-6.617461360184255792e-01,-7.401107865606870728e-01,1.140943579642074601e+00,1.000000000000000000e+00
-1.071823169309539692e+00,7.694521755813611419e-01,1.272839200450370134e+00,-3.668902950467555213e-01,1.952219542352758574e-01,1.071866885853771212e+00,-7.173175871149288785e-01,-6.980409891731232941e-01,5.176874954424043329e-01,1.000000000000000000e+00
-9.803368806289570747e-01,6.379760932140869922e-01,7.353496010846797271e-01,-4.968355849808218649e-01,1.009722607937195704e+00,1.550407787169225227e+00,-2.912262965272718884e-01,-1.244888384010615523e+00,-7.288246729569362037e-01,1.000000000000000000e+00
-1.067521522208892515e+00,7.913715042405896627e-01,1.407218938100546657e+00,-2.585993151652485889e-01,1.868169199519131018e-01,9.351409140493558425e-01,-6.617461360184255792e-01,-6.980409891731232941e-01,9.035093109126592914e-01,1.000000000000000000e+00
-1.636461108303180589e+00,8.351902167649982722e-01,1.093679261910141642e+00,-4.318629400137887209e-01,1.700260628921209383e-01,6.389013084731225423e-01,-6.061646467262765681e-01,-1.749675976660683752e+00,1.314347634170174965e-02,1.000000000000000000e+00
-1.199071206083145213e+00,9.009382303456595631e-01,8.697195549898508737e-01,-2.369450051126891499e-01,5.247085196664246637e-02,9.579285760167585151e-01,-8.284805656992271228e-01,-1.034559387473075409e+00,4.880018752690524209e-01,1.000000000000000000e+00
-1.529244769126410164e+00,7.913715042405896627e-01,1.978502179739841660e-01,-4.201735540223449500e-02,6.926170902643460914e-02,1.026291561918966089e+00,-5.135321773045765648e-01,-1.497277182735579748e+00,1.437728811655233585e+00,1.000000000000000000e+00
-9.703653279677314503e-01,5.612783877008356015e-01,8.249295703547939729e-01,-7.567358796583097957e-01,3.295680222205464860e-01,1.117442209788576557e+00,-1.430223760090687801e-01,-5.718415922105712923e-01,1.314347634170174965e-02,1.000000000000000000e+00
-1.574987913466701084e+00,7.913715042405896627e-01,1.631178645020837203e+00,-1.286540252311821619e-01,1.887953209359145845e-02,1.026291561918966089e+00,-5.876441757593240389e-01,-1.202828581823191190e+00,1.200294542925818497e+00,1.000000000000000000e+00
-1.590717963962889225e+00,8.461498810946125326e-01,1.183259231180255888e+00,-4.102086299612293652e-01,1.868169199519131018e-01,7.528396183101353500e-01,-5.691136665967257979e-01,-1.665536381885555972e+00,2.208921248977651630e-01,1.000000000000000000e+00
-1.469228425024245777e+00,9.885856277915009427e-01,8.697195549898508737e-01,-2.152809802507746895e-01,1.868169199519131018e-01,9.351409140493558425e-01,-5.320626864671750278e-01,-1.665536381885555972e+00,1.314347634170174965e-02,1.000000000000000000e+00
-1.016108472308022703e+00,5.941573806896783827e-01,1.048889277275084631e+00,-8.217085246253429398e-01,2.959863081009621588e-01,1.117442209788576557e+00,-1.615428469760211705e-01,-6.559811869856990718e-01,-7.589310711539400123e-02,1.000000000000000000e+00
-9.445652889498913352e-01,5.393690314386313522e-01,7.801395857197368500e-01,-7.783901897108691514e-01,9.593404310043526229e-01,1.390894153397407296e+00,-1.800733561386195780e-01,-1.329017983585603746e+00,-6.991491913150642556e-01,1.000000000000000000e+00
-9.445652889498913352e-01,5.393690314386313522e-01,9.145095396249079966e-01,-7.350815696057503290e-01,3.631593420935974592e-01,1.117442209788576557e+00,-1.244918668464704004e-01,-5.718415922105712923e-01,1.314347634170174965e-02,1.000000000000000000e+00
-9.345937362886658217e-01,5.393690314386313522e-01,6.009698634345030932e-01,-6.700992098293621080e-01,9.593404310043526229e-01,1.550407787169225227e+00,-1.615428469760211705e-01,-1.244888384010615523e+00,-5.804371262160965550e-01,1.000000000000000000e+00
-1.560714713704828505e+00,9.447569428700681726e-01,1.048889277275084631e+00,-3.668902950467555213e-01,2.120128112950679933e-01,8.439902661797457073e-01,-6.061646467262765681e-01,-1.497277182735579748e+00,-2.539662740295854371e-01,1.000000000000000000e+00
-9.302920891880186449e-01,4.736309902549942219e-01,8.249295703547939729e-01,-6.051265648623289639e-01,1.068500213399935062e+00,1.368106491430004734e+00,5.191582704780346204e-03,-1.034559387473075409e+00,-6.101126078579685030e-01,1.000000000000000000e+00
-1.535003266961372459e+00,7.913715042405896627e-01,1.978502179739841660e-01,1.095919593937463299e-01,3.567999490685030278e-02,1.094654547821173995e+00,-4.950117063376242021e-01,-1.455217380548155415e+00,1.378367709840010003e+00,1.000000000000000000e+00
-1.596397713109510397e+00,8.899785660160453027e-01,1.183259231180255888e+00,-2.585993151652485889e-01,1.616306343622248565e-01,7.756272802775379116e-01,-5.876441757593240389e-01,-1.749675976660683752e+00,2.505777450711170751e-01,1.000000000000000000e+00
-1.214811100165375857e+00,9.228475866078638123e-01,6.457598480695602161e-01,-4.102086299612293652e-01,-1.470218202599285137e-02,9.807162379841610766e-01,-8.470010366661796519e-01,-1.202828581823191190e+00,8.738338292707873434e-01,1.000000000000000000e+00
-9.145521951057878907e-01,5.284093671090170918e-01,7.353496010846797271e-01,-9.083451944542906276e-01,1.018118036467092091e+00,8.667779281471481578e-01,7.929354296388188561e-02,-8.663001883230994071e-01,-3.133273758448092972e-01,1.000000000000000000e+00
-1.554956215869866210e+00,9.557166071996823220e-01,1.407218938100546657e+00,1.745646043607795295e-01,6.086628049653854122e-02,1.003503899951563749e+00,-4.209097460785226064e-01,-1.244888384010615523e+00,1.467404293297105644e+00,1.000000000000000000e+00
-8.588374981042711243e-01,5.393690314386313522e-01,9.145095396249079966e-01,-5.618082299478550645e-01,1.102091533272986146e+00,1.390894153397407296e+00,-3.186943562041648359e-02,-8.663001883230994071e-01,-5.210760244008727504e-01,1.000000000000000000e+00
-1.550654568769219033e+00,9.009382303456595631e-01,2.034298290481356020e+00,-8.533569031670831806e-02,2.727496062348753331e-02,1.049079223886368650e+00,-5.876441757593240389e-01,-1.118688987048063632e+00,1.437728811655233585e+00,1.000000000000000000e+00
-8.788790392871489443e-01,5.284093671090170918e-01,1.048889277275084631e+00,-5.401539198952957088e-01,5.059104443622308711e-01,1.208592857658186803e+00,-1.333892645781806392e-02,-5.297817900231470700e-01,4.281895798357367861e-02,1.000000000000000000e+00
-1.514971569364537141e+00,7.913715042405896627e-01,1.530602333389270986e-01,1.962189144133388852e-01,1.028530288994856101e-01,8.895655901145507194e-01,5.191582704780346204e-03,-1.497277182735579748e+00,9.628704127278830960e-01,2.000000000000000000e+00
-8.845489448477272809e-01,7.146737987273382720e-01,9.592995242599650085e-01,-3.235719601322817329e-01,1.093696104743089981e+00,1.983373364549874118e+00,-1.244918668464704004e-01,-1.160758784435627522e+00,-3.430028574866811897e-01,2.000000000000000000e+00
-1.071823169309539692e+00,5.941573806896783827e-01,2.426402026090412056e-01,-9.083451944542906276e-01,8.753765399519252144e-01,2.742987169946813908e-01,-3.097568056898702960e-01,-7.821705887481112951e-01,-7.288246729569362037e-01,2.000000000000000000e+00
-8.645172472508921846e-01,7.694521755813611419e-01,1.317638968830432633e+00,-3.668902950467555213e-01,1.110486961802882089e+00,1.960585702582471557e+00,-1.333892645781806392e-02,-8.242403861356751849e-01,-2.836417556714573851e-01,2.000000000000000000e+00
-8.788790392871489443e-01,6.051070726222684826e-01,9.145095396249079966e-01,-5.834722548097696082e-01,1.110486961802882089e+00,1.345318829462602173e+00,4.224256283433112241e-02,-7.821705887481112951e-01,-3.430028574866811897e-01,2.000000000000000000e+00
-9.445652889498913352e-01,5.612783877008356015e-01,7.801395857197368500e-01,-9.299995045068499833e-01,1.034918499280350623e+00,7.756272802775379116e-01,7.929354296388188561e-02,-9.083699857106632969e-01,-5.210760244008727504e-01,2.000000000000000000e+00
-1.036051577630473730e+00,5.503286957682456126e-01,3.322201718791553127e-01,-9.083451944542906276e-01,9.173632883548721306e-01,3.654493648642917480e-01,-3.653282567863734287e-01,-5.718415922105712923e-01,-6.991491913150642556e-01,2.000000000000000000e+00
-8.588374981042711243e-01,8.023211961731796515e-01,1.452008922735603891e+00,-3.235719601322817329e-01,1.144078281675933173e+00,1.892222716680263872e+00,7.929354296388188561e-02,-6.980409891731232941e-01,-2.836417556714573851e-01,2.000000000000000000e+00
-9.803368806289570747e-01,6.160667369518826320e-01,6.009698634345030932e-01,-9.083451944542906276e-01,9.929317508774037071e-01,7.756272802775379116e-01,-5.038990658736883926e-02,-8.242403861356751849e-01,-1.055685887572659215e-01,2.000000000000000000e+00
-1.539216321787635566e+00,1.010494984053705414e+00,1.765548598926008461e+00,8.792793453183185559e-02,2.288036683548601569e-01,1.185805195690784020e+00,-6.432156268558273382e-01,-1.034559387473075409e+00,1.051906996184978738e+00,2.000000000000000000e+00
-9.803368806289570747e-01,6.051070726222684826e-01,5.113898941643890694e-01,-8.433725494872574835e-01,9.761408938176115990e-01,5.477506606035121850e-01,-1.059713958795180100e-01,-6.139113895981351821e-01,-1.946051722143616880e-01,2.000000000000000000e+00
-1.001736836685723331e+00,5.941573806896783827e-01,3.770199402592178672e-01,-8.217085246253429398e-01,9.257587168847681847e-01,6.389013084731225423e-01,-5.135321773045765648e-01,-5.297817900231470700e-01,-6.101126078579685030e-01,2.000000000000000000e+00
-8.230659064252052737e-01,8.790189016864310423e-01,1.586378876640774704e+00,-2.802536252178078890e-01,1.177669601548984257e+00,1.983373364549874118e+00,2.460279726446834292e-01,-5.718415922105712923e-01,-4.621762547352206707e-02,2.000000000000000000e+00
-1.021778377868601151e+00,6.051070726222684826e-01,5.113898941643890694e-01,-7.783901897108691514e-01,1.051709356340142953e+00,6.616889704405251038e-01,-4.579607262080733765e-01,-5.718415922105712923e-01,-4.617149225856488903e-01,2.000000000000000000e+00
-1.539216321787635566e+00,9.557166071996823220e-01,1.720758614290951449e+00,1.300979512239325026e-03,2.875812738175994032e-01,1.049079223886368650e+00,-2.726957873646734254e-01,-1.118688987048063632e+00,9.331847925545312394e-01,2.000000000000000000e+00
-9.960669311251448832e-01,6.051070726222684826e-01,5.113898941643890694e-01,-7.567358796583097957e-01,1.068500213399935062e+00,7.300519563427327885e-01,-4.023792369159241988e-01,-5.718415922105712923e-01,-4.320394409437769423e-01,2.000000000000000000e+00
-8.288342478462105145e-01,9.009382303456595631e-01,1.765548598926008461e+00,-1.503083352837415176e-01,1.060104784870039119e+00,1.960585702582471557e+00,1.719159741899358163e-01,-4.456521904481591245e-01,1.615411616140213225e-01,2.000000000000000000e+00
-9.803368806289570747e-01,6.051070726222684826e-01,3.770199402592178672e-01,-8.000542145727835841e-01,1.202855887138672308e+00,5.249629986361097345e-01,-4.394302170454749690e-01,-4.877119926355833468e-01,-4.023639593019049943e-01,2.000000000000000000e+00
-7.930626561671446639e-01,5.941573806896783827e-01,1.496798907370660681e+00,-4.318629400137887209e-01,8.417852200788741301e-01,1.527620125201822887e+00,4.868543243889404404e-01,-2.353231939106191217e-01,8.144727274555635388e-01,2.000000000000000000e+00
-7.773326056709567444e-01,6.270264012814970034e-01,1.407218938100546657e+00,-3.668902950467555213e-01,8.753765399519252144e-01,1.527620125201822887e+00,4.498033442593896702e-01,-1.091337921482067874e-01,6.067240788995000855e-01,2.000000000000000000e+00
-1.493473177447344202e+00,9.666762715292966934e-01,8.697195549898508737e-01,2.395372493278127013e-01,8.605256608622677272e-02,1.026291561918966089e+00,-3.468077858194210661e-01,-1.118688987048063632e+00,1.734514043668392791e+00,2.000000000000000000e+00
-9.703653279677314503e-01,6.379760932140869922e-01,4.665999095293320020e-01,-9.083451944542906276e-01,1.312015669534254636e+00,3.882370268316942541e-01,-4.764811971750257391e-01,-4.877119926355833468e-01,-4.023639593019049943e-01,2.000000000000000000e+00
-1.453498374528058079e+00,1.152930730750593824e+00,2.258257997401647454e+00,4.994375440053005488e-01,1.532352058323288024e-01,1.231380519625589365e+00,-1.244918668464704004e-01,-1.118688987048063632e+00,2.090660377496776245e+00,2.000000000000000000e+00
-1.539216321787635566e+00,1.207719080001640855e+00,1.765548598926008461e+00,4.344648990382673492e-01,1.448397773024326929e-01,1.299743505527796827e+00,-1.615428469760211705e-01,-8.242403861356751849e-01,1.615801978569425312e+00,2.000000000000000000e+00
-7.216179086694398670e-01,6.818047781355197623e-01,1.272839200450370134e+00,-3.235719601322817329e-01,1.068500213399935062e+00,1.618770773071432911e+00,5.053848335515387369e-01,-3.615225908731710125e-01,3.692898101700847202e-01,2.000000000000000000e+00
-7.873927506065663273e-01,7.585024836487711530e-01,1.272839200450370134e+00,-2.585993151652485889e-01,1.043313927810247010e+00,1.595983111104030350e+00,3.757013840002881300e-01,-5.718415922105712923e-01,2.208921248977651630e-01,2.000000000000000000e+00
-9.760352335283098979e-01,6.379760932140869922e-01,4.665999095293320020e-01,-8.433725494872574835e-01,1.412780023399941021e+00,3.654493648642917480e-01,-5.320626864671750278e-01,-5.297817900231470700e-01,-3.430028574866811897e-01,2.000000000000000000e+00
-9.803368806289570747e-01,5.503286957682456126e-01,4.665999095293320020e-01,-5.618082299478550645e-01,1.698282227937207844e+00,5.933259845383174191e-01,-5.691136665967257979e-01,-7.821705887481112951e-01,1.615411616140213225e-01,2.000000000000000000e+00
7.764577639925470676e-01,-4.357518943833350034e-01,-7.875587952322875562e-01,2.145456552280465168e+00,-7.788302645485363218e-01,-2.953928321903828147e-01,1.653985293958904812e+00,1.194889994064317840e+00,-9.662589416863515135e-01,2.000000000000000000e+00
-9.503237867848537412e-01,5.612783877008356015e-01,5.113898941643890694e-01,-3.235719601322817329e-01,1.832628295922478667e+00,5.705383225709148576e-01,-2.541753163977211183e-01,-4.456521904481591245e-01,2.505777450711170751e-01,2.000000000000000000e+00
-9.445652889498913352e-01,5.612783877008356015e-01,6.457598480695602161e-01,-4.535172500663480766e-01,1.740259370586688226e+00,6.844766324079276654e-01,-6.246951558888748091e-01,-6.980409891731232941e-01,7.250457815692556984e-02,2.000000000000000000e+00
-8.288342478462105145e-01,8.461498810946125326e-01,1.138469246545198876e+00,-4.201735540223449500e-02,1.941788078318061217e+00,4.566000127339019943e-01,-6.061646467262765681e-01,-7.821705887481112951e-01,-1.946051722143616880e-01,2.000000000000000000e+00
5.934851866313819446e-01,-2.046353848176492018e+00,5.561798787994460813e-01,-8.533569031670831806e-02,-2.155939898795093956e+00,-1.252474634821290733e+00,-2.541753163977211183e-01,1.432650017768970496e-01,-2.064373424813372271e+00,2.000000000000000000e+00
-7.830911035059191505e-01,8.242405248324081724e-01,1.048889277275084631e+00,-2.036304534967514623e-02,1.941788078318061217e+00,5.477506606035121850e-01,-6.432156268558273382e-01,-6.139113895981351821e-01,-1.055685887572659215e-01,2.000000000000000000e+00
7.421528666338392810e-01,-4.138425381211307541e-01,-9.219385328824640791e-01,2.427011157010511955e+00,-7.032618020260049674e-01,-2.270298462881751023e-01,1.635464822991952616e+00,1.363149193214294064e+00,-1.055295525143447266e+00,2.000000000000000000e+00
-9.246221836274401973e-01,5.174596751764271030e-01,4.665999095293320020e-01,-2.369450051126891499e-01,1.849419152982270775e+00,5.705383225709148576e-01,-3.282772766568226586e-01,-5.297817900231470700e-01,2.208921248977651630e-01,3.000000000000000000e+00
2.732831762493427852e-01,-1.739572998520511060e+00,-1.190678440692806150e+00,-1.254872444151370781e+00,-9.971498293397010881e-01,-1.548714240397524033e+00,-5.876441757593240389e-01,3.956538005018612747e-01,-1.619190507527893619e+00,3.000000000000000000e+00
4.333891032333836435e-01,-1.871049080887785321e+00,-1.280268193707925883e+00,-1.384827448894792479e+00,-9.299767953470657877e-01,-1.411988268593108442e+00,-4.764811971750257391e-01,6.480425992268254998e-01,-1.619190507527893619e+00,3.000000000000000000e+00
7.421528666338392810e-01,-4.467115587129492638e-01,-8.323487798673444571e-01,2.037165572398957902e+00,-7.704348360186401568e-01,-3.181804941577853763e-01,1.653985293958904812e+00,9.425011953393536146e-01,-1.025620043501575207e+00,3.000000000000000000e+00
-9.803368806289570747e-01,5.393690314386313522e-01,4.665999095293320020e-01,-7.134175447438358963e-01,1.513544377265627627e+00,3.654493648642917480e-01,-2.541753163977211183e-01,-6.139113895981351821e-01,-4.621762547352206707e-02,3.000000000000000000e+00
-9.045806424445623772e-01,5.174596751764271030e-01,4.218099248942748791e-01,-5.184996098427363531e-01,1.555531125668574655e+00,3.426617028968891310e-01,-3.186943562041648359e-02,-5.718415922105712923e-01,-4.621762547352206707e-02,3.000000000000000000e+00
-8.688090507654966377e-01,5.284093671090170918e-01,6.009698634345030932e-01,-5.184996098427363531e-01,1.706677656467104010e+00,5.021753366687070619e-01,1.904464833525342515e-01,-4.035823930605952348e-01,4.281895798357367861e-02,3.000000000000000000e+00
-9.246221836274401973e-01,5.831977163600641223e-01,4.665999095293320020e-01,-3.885446050993149325e-01,1.824232867392582502e+00,6.389013084731225423e-01,-4.579607262080733765e-01,-6.559811869856990718e-01,2.505777450711170751e-01,3.000000000000000000e+00
7.421528666338392810e-01,-1.794351375374533930e+00,-4.292291344068255299e-01,-1.233218134098811536e+00,-8.628037613544304874e-01,-1.685450295238208218e+00,-2.541753163977211183e-01,6.480425992268254998e-01,-2.568917443914075172e+00,3.000000000000000000e+00
5.248753919139661495e-01,-1.827220395966352440e+00,-3.844391497717684625e-01,-5.618082299478550645e-01,-8.460032985411716222e-01,-1.298049958756095634e+00,-3.653282567863734287e-01,1.110760394489329839e+00,-2.301807693542787803e+00,3.000000000000000000e+00
8.222009083328384316e-01,-4.576712230425635242e-01,-6.979788259621733104e-01,2.513647826839460198e+00,-6.864613392127461022e-01,-2.270298462881751023e-01,1.765138234347557011e+00,1.321089391026869730e+00,-9.959344233282233505e-01,3.000000000000000000e+00
6.620949813487975177e-01,-1.727997296487866208e-01,-3.396491651367114506e-01,1.928874592517451081e+00,-3.925733118990499260e-01,3.426617028968891310e-01,1.413148904019001728e+00,1.194889994064317840e+00,-4.914005427590007469e-01,3.000000000000000000e+00
-8.845489448477272809e-01,6.160667369518826320e-01,6.457598480695602161e-01,-5.618082299478550645e-01,1.698282227937207844e+00,5.705383225709148576e-01,7.929354296388188561e-02,-4.035823930605952348e-01,4.281895798357367861e-02,3.000000000000000000e+00
-8.788790392871489443e-01,6.598954218733155130e-01,5.113898941643890694e-01,-2.802536252178078890e-01,1.849419152982270775e+00,6.844766324079276654e-01,1.163445230934326696e-01,-1.511935943356310097e-01,3.989652918119566682e-01,3.000000000000000000e+00
-7.615927115887259902e-01,7.694521755813611419e-01,1.004099292640027841e+00,-6.367166545479385764e-02,1.916601792728372500e+00,8.667779281471481578e-01,-3.838587659489718362e-01,-5.718415922105712923e-01,1.021800597987974901e-01,3.000000000000000000e+00
6.620949813487975177e-01,-2.024444491914287436e+00,5.561798787994460813e-01,-1.936266701982153338e-01,-2.181126184384782007e+00,-1.320837620723498418e+00,-4.023792369159241988e-01,2.694544035393093839e-01,-1.945661359714404570e+00,3.000000000000000000e+00
7.535812700293801347e-01,-4.467115587129492638e-01,-1.056308486787635115e+00,1.928874592517451081e+00,-8.208170129514833491e-01,-3.637558180925904994e-01,1.542832353570252391e+00,1.026630794914341616e+00,-1.114656626958670849e+00,3.000000000000000000e+00
9.594303413537123015e-01,-5.124495998965863386e-01,-4.740191190418825973e-01,2.578620471806492898e+00,-6.780659106828500482e-01,-1.130915364511622390e-01,1.894821683898807896e+00,1.489348590176845732e+00,-7.288246729569362037e-01,3.000000000000000000e+00
7.421528666338392810e-01,-1.070616884651495321e-01,-2.500594121215918841e-01,1.928874592517451081e+00,-5.941020196304226397e-01,2.287233930598762954e-01,1.376097923889451069e+00,1.447278792789282065e+00,-4.320394409437769423e-01,3.000000000000000000e+00
1.142393075128834923e+00,1.997191611908316344e-01,2.426402026090412056e-01,1.214156068261375676e+00,2.727496062348753331e-02,-1.358791984185648283e-01,1.209363494208649525e+00,1.110760394489329839e+00,-5.507515060427446985e-01,3.000000000000000000e+00
-8.073358559290173542e-01,5.941573806896783827e-01,1.048889277275084631e+00,-2.369450051126891499e-01,1.916601792728372500e+00,9.123532520819533920e-01,-1.615428469760211705e-01,-1.511935943356310097e-01,2.802532267129890231e-01,3.000000000000000000e+00
-7.116365124221716298e-01,8.242405248324081724e-01,1.004099292640027841e+00,-6.367166545479385764e-02,1.874615044325425695e+00,5.933259845383174191e-01,-4.394302170454749690e-01,-3.615225908731710125e-01,-1.653200530017017236e-02,3.000000000000000000e+00
4.333891032333836435e-01,-1.838180060295966589e+00,-3.844391497717684625e-01,-5.834722548097696082e-01,-7.788302645485363218e-01,-1.411988268593108442e+00,-5.135321773045765648e-01,9.845609975267779479e-01,-2.183095628443819880e+00,3.000000000000000000e+00
7.993244143696713877e-01,-7.863614289607488983e-01,-9.667285175175210910e-01,1.690638322701877527e+00,-7.620394074887441027e-01,5.477506606035121850e-01,1.153792043112146448e+00,1.447278792789282065e+00,-1.114656626958670849e+00,3.000000000000000000e+00
8.107626613512549651e-01,-4.248022024507450145e-01,-1.056308486787635115e+00,1.863901947550417715e+00,-8.124215844215872950e-01,-3.865434800599930609e-01,1.653985293958904812e+00,9.845609975267779479e-01,-9.959344233282233505e-01,3.000000000000000000e+00
5.820469396497983672e-01,-9.610202413553527168e-02,-1.156894582164206819e-01,1.950538617379365736e+00,-4.681417744215813359e-01,1.375727451902659937e-01,1.339046943759900188e+00,1.405218990601857953e+00,-4.914005427590007469e-01,3.000000000000000000e+00
-8.788790392871489443e-01,6.051070726222684826e-01,5.113898941643890694e-01,-6.051265648623289639e-01,1.715073084997000175e+00,6.389013084731225423e-01,1.163445230934326696e-01,-4.456521904481591245e-01,1.021800597987974901e-01,3.000000000000000000e+00
-9.246221836274401973e-01,5.393690314386313522e-01,4.665999095293320020e-01,-3.452262701848410886e-01,1.841023724452374610e+00,5.021753366687070619e-01,-8.744088671691961634e-02,-4.456521904481591245e-01,1.912166432558932150e-01,3.000000000000000000e+00
8.565058056915462181e-01,-7.644520726985447601e-01,-9.219385328824640791e-01,1.993847237484484225e+00,-9.551726866902207069e-01,7.300519563427327885e-01,1.524311882603300194e+00,1.489348590176845732e+00,-1.144332108600542908e+00,3.000000000000000000e+00
7.192763726706723482e-01,-3.261851682782651030e-01,-4.292291344068255299e-01,1.733956657616351427e+00,-7.536439789588480487e-01,1.831480691250711723e-01,1.413148904019001728e+00,1.279019593639305841e+00,-4.617149225856488903e-01,3.000000000000000000e+00
-8.946090897833368638e-01,6.051070726222684826e-01,4.665999095293320020e-01,-4.535172500663480766e-01,1.647900051004364874e+00,4.110246887990968157e-01,5.191582704780346204e-03,-5.718415922105712923e-01,-1.653200530017017236e-02,3.000000000000000000e+00
-8.187741029106009316e-01,7.804118399109754023e-01,1.048889277275084631e+00,-1.069900003692676738e-01,1.899801329915113746e+00,9.351409140493558425e-01,-3.653282567863734287e-01,-4.877119926355833468e-01,1.318555414406694104e-01,3.000000000000000000e+00
-8.946090897833368638e-01,6.160667369518826320e-01,4.218099248942748791e-01,-5.401539198952957088e-01,1.790641547519531640e+00,6.616889704405251038e-01,9.781401393083424822e-02,-2.773929912981829560e-01,2.208921248977651630e-01,3.000000000000000000e+00
-7.473195118268534110e-01,7.913715042405896627e-01,1.093679261910141642e+00,8.792793453183185559e-02,1.966983969661216136e+00,8.667779281471481578e-01,-3.653282567863734287e-01,-4.035823930605952348e-01,2.208921248977651630e-01,3.000000000000000000e+00
6.163616805945488775e-01,-1.838180060295966589e+00,-4.740191190418825973e-01,-4.751812749282626203e-01,-8.124215844215872950e-01,-1.298049958756095634e+00,-4.023792369159241988e-01,9.425011953393536146e-01,-2.331483175184659640e+00,3.000000000000000000e+00
-8.988221446095999712e-01,6.598954218733155130e-01,5.561798787994460813e-01,-1.503083352837415176e-01,2.000565683780800352e+00,6.389013084731225423e-01,9.781401393083424822e-02,-3.615225908731710125e-01,1.318555414406694104e-01,4.000000000000000000e+00
-6.501633175856923463e-01,8.790189016864310423e-01,1.228049215815312900e+00,1.095919593937463299e-01,2.092934609116590128e+00,7.072642943753302269e-01,-2.171243362681703482e-01,-2.773929912981829560e-01,2.505777450711170751e-01,4.000000000000000000e+00
2.618547728538019870e-01,-1.728613334190896689e+00,-1.056308486787635115e+00,-1.189899799184337859e+00,-9.467676524068578958e-01,-1.525926578430121694e+00,-8.655315458287778929e-01,3.535840031142973849e-01,-1.559839544244149723e+00,4.000000000000000000e+00
7.192763726706723482e-01,-1.289710447273538230e-01,-2.948591805016543832e-01,1.972192927431924980e+00,-5.437198426975794474e-01,2.059357310924737061e-01,1.413148904019001728e+00,1.489348590176845732e+00,-5.210760244008727504e-01,4.000000000000000000e+00
1.085221527393003038e+00,-1.947090859109908978e-01,5.113898941643890694e-01,1.300792738090323475e+00,-2.918089580333635968e-01,-2.042421843207725130e-01,1.172312514079098866e+00,1.068700592301905505e+00,-5.804371262160965550e-01,4.000000000000000000e+00
7.993244143696713877e-01,-4.357518943833350034e-01,-3.396491651367114506e-01,1.560683317958456273e+00,-8.879900469441187605e-01,-1.586668603859673898e-01,1.616934313829353931e+00,1.152830191876893728e+00,-8.475468765873838128e-01,4.000000000000000000e+00
8.336293117283791743e-01,-4.795805793047678289e-01,-9.219385328824640791e-01,1.842247637497858470e+00,-6.780659106828500482e-01,-3.181804941577853763e-01,1.450199884148552609e+00,9.845609975267779479e-01,-1.055295525143447266e+00,4.000000000000000000e+00
7.078381256890888817e-01,1.346470196953461658e-02,-2.948591805016543832e-01,2.015511262346398880e+00,-1.322669987049380214e-01,5.477506606035121850e-01,1.839250232802304819e+00,1.152830191876893728e+00,-1.649296905724897400e-01,4.000000000000000000e+00
-6.916048148253365335e-01,9.009382303456595631e-01,1.183259231180255888e+00,4.461931442671315806e-02,2.042552432183747158e+00,5.933259845383174191e-01,-2.726957873646734254e-01,-3.615225908731710125e-01,7.250457815692556984e-02,4.000000000000000000e+00
5.934851866313819446e-01,-1.695744313599078401e+00,-1.280268193707925883e+00,-1.038290484388356916e+00,-7.032618020260049674e-01,-1.434775930560511226e+00,-6.987971161479763493e-01,6.059827970394012775e-01,-1.767588192800213065e+00,4.000000000000000000e+00
7.535812700293801347e-01,-1.914877765809217980e+00,-1.235478209072868871e+00,-1.254872444151370781e+00,-7.704348360186401568e-01,-1.662662633270805657e+00,-7.543685672444796486e-01,3.115242009268731627e-01,-2.628278545729298976e+00,4.000000000000000000e+00
9.365538473905453687e-01,-3.809735175293121889e-01,-7.427688105972304333e-01,2.080483907313431580e+00,-7.872256930784323758e-01,-3.181804941577853763e-01,1.728087254218006352e+00,1.279019593639305841e+00,-9.959344233282233505e-01,4.000000000000000000e+00
8.336293117283791743e-01,-4.357518943833350034e-01,-8.771387645024015800e-01,1.863901947550417715e+00,-7.620394074887441027e-01,-2.726051702229801976e-01,1.653985293958904812e+00,1.152830191876893728e+00,-1.084971006785319103e+00,4.000000000000000000e+00
9.937352387124203101e-01,-2.385377708324237234e-01,-3.844391497717684625e-01,1.950538617379365736e+00,-6.780659106828500482e-01,1.831480691250711723e-01,1.450199884148552609e+00,1.279019593639305841e+00,-6.397880894998404511e-01,4.000000000000000000e+00
-9.145521951057878907e-01,5.941573806896783827e-01,4.665999095293320020e-01,-1.936266701982153338e-01,1.916601792728372500e+00,5.933259845383174191e-01,4.224256283433112241e-02,-5.297817900231470700e-01,3.099287083548609156e-01,4.000000000000000000e+00
8.565058056915462181e-01,-1.816270704033762451e+00,-2.948591805016543832e-01,-6.267905897242433966e-01,-6.696704821529538831e-01,-1.389200606625706103e+00,-1.430223760090687801e-01,1.279019593639305841e+00,-2.094059044986724238e+00,4.000000000000000000e+00
8.336293117283791743e-01,-7.863614289607488983e-01,-8.771387645024015800e-01,1.798929302583384571e+00,-1.165096822951489308e+00,8.439902661797457073e-01,1.598413842862401735e+00,1.447278792789282065e+00,-1.084971006785319103e+00,4.000000000000000000e+00
9.136871970134210486e-01,-4.795805793047678289e-01,-5.188091036769395537e-01,1.950538617379365736e+00,-5.185239513544244172e-01,5.021753366687070619e-01,1.542832353570252391e+00,1.026630794914341616e+00,-6.694737096731923076e-01,4.000000000000000000e+00
-6.358015255494355866e-01,9.118879222782496630e-01,8.249295703547939729e-01,-8.533569031670831806e-02,2.084539180586694407e+00,5.705383225709148576e-01,-5.135321773045765648e-01,-6.139113895981351821e-01,4.281895798357367861e-02,4.000000000000000000e+00
9.365538473905453687e-01,-4.467115587129492638e-01,-2.948591805016543832e-01,1.928874592517451081e+00,-5.101285228245283632e-01,5.021753366687070619e-01,1.542832353570252391e+00,1.026630794914341616e+00,-5.804371262160965550e-01,4.000000000000000000e+00
6.163616805945488775e-01,-1.662875293007259669e+00,-1.156894582164206819e-01,-3.452262701848410886e-01,-1.526167490011287597e+00,-1.206899310886485610e+00,-5.691136665967257979e-01,7.321721988018136118e-01,-2.064373424813372271e+00,4.000000000000000000e+00
1.016601889089544519e+00,-4.357518943833350034e-01,-3.396491651367114506e-01,2.037165572398957902e+00,-4.597463458916852264e-01,2.970863789620840079e-01,1.857770703769257237e+00,1.026630794914341616e+00,-5.507515060427446985e-01,4.000000000000000000e+00
8.107626613512549651e-01,2.505037639920363549e-03,3.322201718791553127e-01,1.972192927431924980e+00,-5.521152712274755014e-01,9.123532520819533920e-01,1.839250232802304819e+00,9.845609975267779479e-01,1.615411616140213225e-01,4.000000000000000000e+00
7.421528666338392810e-01,-1.892958437149989681e+00,-1.549017885263273664e+00,-1.081608819302830593e+00,-7.956307273617951870e-01,-1.617087309336000533e+00,-8.284805656992271228e-01,5.913540220190897229e-02,-2.123734526628596075e+00,4.000000000000000000e+00
9.022489500318375821e-01,-5.672279767506092085e-01,-1.056308486787635115e+00,2.015511262346398880e+00,-9.887544008098050341e-01,-9.030387448375967741e-02,1.450199884148552609e+00,1.531408392364270066e+00,-1.084971006785319103e+00,4.000000000000000000e+00
7.192763726706723482e-01,-5.562782848180192197e-01,-9.219385328824640791e-01,1.517374697853337340e+00,-8.544083328245344333e-01,4.642209732065573358e-02,1.301995963630349529e+00,1.321089391026869730e+00,-1.084971006785319103e+00,4.000000000000000000e+00
-5.586770289051097294e-01,9.666762715292966934e-01,9.592995242599650085e-01,6.627362447927249989e-02,2.050947860713643323e+00,6.389013084731225423e-01,-4.209097460785226064e-01,-4.456521904481591245e-01,2.505777450711170751e-01,4.000000000000000000e+00
1.050906786448252417e+00,-4.576712230425635242e-01,-3.396491651367114506e-01,1.993847237484484225e+00,-4.849422372348401455e-01,3.654493648642917480e-01,1.802199252672753937e+00,1.194889994064317840e+00,-6.991491913150642556e-01,4.000000000000000000e+00
8.793724560686705383e-01,5.728341449394320356e-02,3.322201718791553127e-01,2.123802242227905257e+00,-7.284480876156932405e-01,9.351409140493558425e-01,2.265341523389961864e+00,9.845609975267779479e-01,-2.242907923877135723e-01,4.000000000000000000e+00
-6.558332231462706829e-01,8.571095454242267930e-01,8.697195549898508737e-01,-4.201735540223449500e-02,1.992170255250904187e+00,6.844766324079276654e-01,-3.838587659489718362e-01,-4.877119926355833468e-01,7.250457815692556984e-02,4.000000000000000000e+00
7.078381256890888817e-01,-1.940431862228392604e-02,-2.500594121215918841e-01,2.080483907313431580e+00,-1.910446041676772400e-01,6.161136465057198697e-01,2.043035642612657021e+00,1.321089391026869730e+00,-2.242907923877135723e-01,4.000000000000000000e+00
-6.401031726500827634e-01,8.351902167649982722e-01,9.145095396249079966e-01,-4.201735540223449500e-02,2.025761575123955271e+00,6.161136465057198697e-01,-3.838587659489718362e-01,-5.297817900231470700e-01,1.615411616140213225e-01,4.000000000000000000e+00
7.421528666338392810e-01,-2.101132225030514888e+00,-1.638597854533387910e+00,-1.233218134098811536e+00,-8.460032985411716222e-01,-1.662662633270805657e+00,-9.211029969252811922e-01,-3.194527934856071782e-01,-3.014100361199553824e+00,4.000000000000000000e+00
6.506665779532566640e-01,-1.805311039704148079e+00,-3.396491651367114506e-01,-5.184996098427363531e-01,-1.291047462406863966e+00,-1.275262296788693295e+00,-3.097568056898702960e-01,1.194889994064317840e+00,-2.628278545729298976e+00,4.000000000000000000e+00
7.650195170109636011e-01,-1.651925601074669681e+00,5.561798787994460813e-01,-1.286540252311821619e-01,-1.383416387742654186e+00,-9.106597053102521988e-01,-1.059713958795180100e-01,1.447278792789282065e+00,-1.352080757156606250e+00,4.000000000000000000e+00
6.735332283303809842e-01,-1.662875293007259669e+00,-7.875587952322875562e-01,-1.363163424032878046e+00,-7.788302645485363218e-01,-1.434775930560511226e+00,-9.581539770548319623e-01,6.901123966143893895e-01,-1.233368692057638771e+00,5.000000000000000000e+00
6.620949813487975177e-01,-1.739572998520511060e+00,6.457598480695602161e-01,-8.533569031670831806e-02,-1.190283108541177581e+00,-1.047385677114667457e+00,-5.505931956297732688e-01,9.845609975267779479e-01,-2.183095628443819880e+00,5.000000000000000000e+00
6.735332283303809842e-01,2.505037639920363549e-03,-1.156894582164206819e-01,2.080483907313431580e+00,-1.658487128245223208e-01,7.984149422449405842e-01,1.931872664028358777e+00,1.279019593639305841e+00,1.314347634170174965e-02,5.000000000000000000e+00
1.005173485694003777e+00,-4.905402436343820893e-01,-3.396491651367114506e-01,2.470329491924986076e+00,-5.773015568171637746e-01,6.920975928805829513e-02,2.117137602871758784e+00,1.573478189751833956e+00,-5.210760244008727504e-01,5.000000000000000000e+00
8.908107030502540047e-01,-1.093142278616730190e+00,-1.011518502152578103e+00,1.993847237484484225e+00,-1.652118129466662033e+00,7.528396183101353500e-01,1.820719723639706356e+00,1.405218990601857953e+00,-1.084971006785319103e+00,5.000000000000000000e+00
6.735332283303809842e-01,2.505037639920363549e-03,2.874301872440983008e-01,1.993847237484484225e+00,-3.421911349662067336e-01,8.667779281471481578e-01,2.117137602871758784e+00,1.236959791451881507e+00,1.318555414406694104e-01,5.000000000000000000e+00
7.307146196522558146e-01,-1.662875293007259669e+00,2.874301872440983008e-01,-2.585993151652485889e-01,-1.425403136145601213e+00,-9.562350292450573219e-01,-6.892041574996725373e-02,1.489348590176845732e+00,-1.648876127701245364e+00,5.000000000000000000e+00
1.302499002112875948e+00,-1.618400653191723604e-01,1.530602333389270986e-01,1.365765383057356397e+00,-2.498222096304164863e-01,5.705383225709148576e-01,1.598413842862401735e+00,1.026630794914341616e+00,-2.242907923877135723e-01,5.000000000000000000e+00
-4.929021869679833245e-01,1.054323668975138073e+00,9.145095396249079966e-01,1.962189144133388852e-01,2.193698962982276957e+00,6.161136465057198697e-01,-3.653282567863734287e-01,-4.456521904481591245e-01,1.615411616140213225e-01,5.000000000000000000e+00
7.764577639925470676e-01,-1.630006272415441160e+00,-2.610948894630657491e-02,-2.585993151652485889e-01,-1.458984850265185429e+00,-1.229686972853888172e+00,-5.876441757593240389e-01,1.110760394489329839e+00,-2.064373424813372271e+00,5.000000000000000000e+00
1.050906786448252417e+00,-1.630006272415441160e+00,-3.396491651367114506e-01,8.243104836498215127e-01,-1.097914183205387362e+00,1.375727451902659937e-01,9.129556531722433643e-01,1.447278792789282065e+00,-4.023639593019049943e-01,5.000000000000000000e+00
8.679440526731296845e-01,-2.090182533097924900e+00,-1.325058178342982895e+00,-1.016636174335797671e+00,-6.528796250931617751e-01,-1.525926578430121694e+00,-6.246951558888748091e-01,5.639129996518374988e-01,-2.806351712643490259e+00,5.000000000000000000e+00
6.964097222935480280e-01,-1.827220395966352440e+00,-2.948591805016543832e-01,-3.235719601322817329e-01,-1.274256605347071636e+00,-1.138536324984277925e+00,-3.838587659489718362e-01,1.321089391026869730e+00,-2.450205378815107249e+00,5.000000000000000000e+00
5.591802892726740470e-01,-1.640965936745055309e+00,-8.323487798673444571e-01,-1.254872444151370781e+00,-8.460032985411716222e-01,-1.411988268593108442e+00,-1.013735466346981307e+00,7.321721988018136118e-01,-1.233368692057638771e+00,5.000000000000000000e+00
6.392283309716731976e-01,-1.630006272415441160e+00,1.978502179739841660e-01,1.312462694463056856e-01,-1.190283108541177581e+00,-9.790226912124598835e-01,-3.653282567863734287e-01,1.110760394489329839e+00,-1.826949294615437092e+00,5.000000000000000000e+00
9.365538473905453687e-01,-1.038363901762707320e+00,-1.011518502152578103e+00,2.253747532161971989e+00,-1.542958347071079706e+00,9.807162379841610766e-01,1.913352193061406359e+00,1.573478189751833956e+00,-9.068978398711275979e-01,5.000000000000000000e+00
9.022489500318375821e-01,-1.126011299208548699e+00,-1.235478209072868871e+00,1.539029007905896584e+00,-1.391811816272550351e+00,6.844766324079276654e-01,1.561362862732851076e+00,9.845609975267779479e-01,-1.084971006785319103e+00,5.000000000000000000e+00
1.108088177770127025e+00,-2.604471270946280281e-01,-1.156894582164206819e-01,1.387419693109915864e+00,-4.177595974887380881e-01,6.616889704405251038e-01,1.728087254218006352e+00,1.068700592301905505e+00,-1.649296905724897400e-01,5.000000000000000000e+00
7.307146196522558146e-01,-1.662875293007259669e+00,3.322201718791553127e-01,-2.152809802507746895e-01,-1.442193993205393321e+00,-9.106597053102521988e-01,-1.244918668464704004e-01,1.489348590176845732e+00,-1.589515025886021782e+00,5.000000000000000000e+00
6.849714753119644506e-01,-1.640965936745055309e+00,3.322201718791553127e-01,-2.152809802507746895e-01,-1.517762455727924786e+00,-1.252474634821290733e+00,-5.038990658736883926e-02,1.489348590176845732e+00,-1.500478442428925918e+00,5.000000000000000000e+00
7.535812700293801347e-01,-1.684794621666488190e+00,-1.056308486787635115e+00,4.994375440053005488e-01,-1.333034210809810993e+00,-2.194088858155196498e-02,5.424358136810896180e-01,1.068700592301905505e+00,-9.068978398711275979e-01,5.000000000000000000e+00
8.336293117283791743e-01,-9.178375113280231590e-01,-1.190678440692806150e+00,1.690638322701877527e+00,-1.257456142533812882e+00,6.389013084731225423e-01,1.487250864278103268e+00,1.405218990601857953e+00,-1.055295525143447266e+00,5.000000000000000000e+00
9.708587447492531552e-01,-2.046353848176492018e+00,-1.325058178342982895e+00,-9.299995045068499833e-01,-5.941020196304226397e-01,-1.480351254495316349e+00,-4.579607262080733765e-01,6.901123966143893895e-01,-2.836027194285362096e+00,5.000000000000000000e+00
1.016601889089544519e+00,-1.619046608085827010e+00,-2.500594121215918841e-01,9.975741084983615892e-01,-1.030741149212752061e+00,1.831480691250711723e-01,1.005578084398297101e+00,1.489348590176845732e+00,-5.210760244008727504e-01,5.000000000000000000e+00
8.222009083328384316e-01,-1.553308566902189991e+00,-9.219385328824640791e-01,6.727011688538406808e-01,-1.257456142533812882e+00,1.375727451902659937e-01,5.609663228436879701e-01,1.279019593639305841e+00,-9.068978398711275979e-01,5.000000000000000000e+00
5.363037953095070032e-01,1.346470196953461658e-02,1.082702487038700589e-01,2.383692822096038277e+00,-5.689061282872676095e-01,7.528396183101353500e-01,2.043035642612657021e+00,1.194889994064317840e+00,7.250457815692556984e-02,5.000000000000000000e+00
5.248753919139661495e-01,-5.227333921410248080e-02,1.530602333389270986e-01,2.102138217365991046e+00,-5.017330942946323091e-01,1.003503899951563749e+00,1.931872664028358777e+00,9.425011953393536146e-01,2.208921248977651630e-01,5.000000000000000000e+00
9.479920943721288351e-01,1.346470196953461658e-02,2.426402026090412056e-01,2.123802242227905257e+00,-5.017330942946323091e-01,1.117442209788576557e+00,2.283861994356914060e+00,9.004313979517897248e-01,-3.430028574866811897e-01,5.000000000000000000e+00
-5.286737786470491196e-01,1.109102045829160721e+00,6.905596164496227152e-01,1.300979512239325026e-03,1.639495016721002063e+00,4.566000127339019943e-01,-2.171243362681703482e-01,-4.456521904481591245e-01,2.505777450711170751e-01,5.000000000000000000e+00
8.908107030502540047e-01,-9.835755525116602893e-01,-9.667285175175210910e-01,2.188774887194938845e+00,-1.534562918541183540e+00,9.123532520819533920e-01,1.913352193061406359e+00,1.531408392364270066e+00,-7.881857747721600083e-01,5.000000000000000000e+00
8.565058056915462181e-01,-8.411398058147717682e-01,-8.771387645024015800e-01,1.668974297839963095e+00,-1.408602673332342459e+00,7.300519563427327885e-01,1.672515803121503275e+00,1.573478189751833956e+00,-1.174007590242414745e+00,5.000000000000000000e+00
1.016601889089544519e+00,-3.371448326078793634e-01,6.348026406881300543e-02,1.604001652872929951e+00,-7.032618020260049674e-01,6.844766324079276654e-01,1.913352193061406359e+00,1.026630794914341616e+00,-3.133273758448092972e-01,5.000000000000000000e+00
9.708587447492531552e-01,-2.035394183846877425e+00,-1.459428132248154153e+00,-1.038290484388356916e+00,-7.536439789588480487e-01,-1.457563592527913787e+00,-4.579607262080733765e-01,5.639129996518374988e-01,-2.925063777742457738e+00,5.000000000000000000e+00
-5.086322374641712996e-01,1.098152353896570732e+00,8.249295703547939729e-01,1.529102943082201738e-01,2.168512677392588905e+00,5.249629986361097345e-01,-2.356448072351226830e-01,-4.035823930605952348e-01,1.615411616140213225e-01,5.000000000000000000e+00
5.363037953095070032e-01,3.537405823173891267e-02,1.868049568875047861e-02,2.535302136892019220e+00,-2.834135295034674873e-01,1.003503899951563749e+00,2.043035642612657021e+00,1.363149193214294064e+00,4.281895798357367861e-02,5.000000000000000000e+00
9.479920943721288351e-01,-2.166870266214151908e+00,-1.549017885263273664e+00,-1.168245489131778392e+00,-8.460032985411716222e-01,-1.548714240397524033e+00,-7.173175871149288785e-01,-1.932633917231948717e-01,-2.836027194285362096e+00,6.000000000000000000e+00
7.307146196522558146e-01,-1.553308566902189991e+00,-1.369848162978039907e+00,-1.882964013387853575e+00,-1.375020959212758020e+00,-1.411988268593108442e+00,-1.106367935768681088e+00,-6.559811869856990718e-01,-1.708227090984989260e+00,6.000000000000000000e+00
8.908107030502540047e-01,-8.411398058147717682e-01,-8.771387645024015800e-01,2.080483907313431580e+00,-1.375020959212758020e+00,6.844766324079276654e-01,1.783668743510155696e+00,1.447278792789282065e+00,-1.530153924070797755e+00,6.000000000000000000e+00
-4.571305952889174740e-01,1.087192689566956583e+00,5.561798787994460813e-01,1.300979512239325026e-03,1.521939805795523570e+00,4.338123507664993772e-01,-1.615428469760211705e-01,-4.877119926355833468e-01,2.505777450711170751e-01,6.000000000000000000e+00
9.479920943721288351e-01,-1.673834957336874041e+00,-1.504227900628216652e+00,-1.882964013387853575e+00,-1.265861176817175693e+00,-1.366412944658303541e+00,-1.458357266097236371e+00,1.853248039643212719e-01,-1.233368692057638771e+00,6.000000000000000000e+00
1.039478383052711674e+00,-1.706703977928692550e+00,-1.504227900628216652e+00,2.178829392752533456e-01,-1.375020959212758020e+00,2.742987169946813908e-01,7.091702433618910506e-01,1.405218990601857953e+00,-8.178612564140319563e-01,6.000000000000000000e+00
6.506665779532566640e-01,-1.443751813194144251e+00,-1.101098471422692349e+00,-1.709690673729958421e+00,-1.215478999884332501e+00,-1.411988268593108442e+00,-9.766844862174303143e-01,-5.718415922105712923e-01,-1.559839544244149723e+00,6.000000000000000000e+00
6.392283309716731976e-01,-1.564268231231803918e+00,3.322201718791553127e-01,4.561192090908267049e-01,-1.223874428414228666e+00,-1.047385677114667457e+00,-3.653282567863734287e-01,1.321089391026869730e+00,-2.183095628443819880e+00,6.000000000000000000e+00
1.028040136071127986e+00,-9.287971756576374194e-01,-8.771387645024015800e-01,1.993847237484484225e+00,-1.349825067869603101e+00,6.389013084731225423e-01,1.746617763380604815e+00,1.531408392364270066e+00,-1.470802960787053859e+00,6.000000000000000000e+00
9.708587447492531552e-01,-1.476620833785962539e+00,-1.011518502152578103e+00,-1.623063718710365810e+00,-1.114714646018646338e+00,-1.548714240397524033e+00,-1.347204325708584172e+00,-3.194527934856071782e-01,-1.114656626958670849e+00,6.000000000000000000e+00
1.062345033429835883e+00,-1.717663642258306700e+00,-1.369848162978039907e+00,2.828555842422864619e-01,-1.383416387742654186e+00,3.198740409294865694e-01,7.462212234914418207e-01,1.447278792789282065e+00,-7.288246729569362037e-01,6.000000000000000000e+00
9.708587447492531552e-01,-1.564268231231803918e+00,-1.190678440692806150e+00,-1.753009008644432098e+00,-1.190283108541177581e+00,-1.662662633270805657e+00,-1.550979697323290329e+00,-1.511935943356310097e-01,-1.114656626958670849e+00,6.000000000000000000e+00
8.336293117283791743e-01,-1.608096916153237022e+00,-1.414638147613096919e+00,-1.579745383795891911e+00,-9.299767953470657877e-01,-1.366412944658303541e+00,-1.069316955639130429e+00,4.377136026892854970e-01,-1.233368692057638771e+00,6.000000000000000000e+00
1.291060755131292481e+00,-1.399923128272711370e+00,-5.188091036769395537e-01,1.279128713228409042e+00,-1.072727897615699089e+00,-9.030387448375967741e-02,1.079690082853044908e+00,1.909996588051786404e+00,-7.881857747721600083e-01,6.000000000000000000e+00
4.062109621695695894e-01,-5.234092642262007100e-01,-2.086507484628963738e+00,-1.038290484388356916e+00,-6.276837337500068559e-01,-1.320837620723498418e+00,-1.161939386865184387e+00,-5.297817900231470700e-01,8.144727274555635388e-01,6.000000000000000000e+00
2.847214232309262516e-01,-6.439256822638605993e-01,-1.817767576818621666e+00,-1.016636174335797671e+00,-4.261550260186341976e-01,-1.320837620723498418e+00,-1.217520876157333509e+00,-7.401107865606870728e-01,6.363995605413720336e-01,6.000000000000000000e+00
9.937352387124203101e-01,-1.553308566902189991e+00,-1.325058178342982895e+00,-1.839645678473379897e+00,-1.324638782279914828e+00,-1.320837620723498418e+00,-1.291622836416435050e+00,5.913540220190897229e-02,-1.233368692057638771e+00,6.000000000000000000e+00
-4.014158982874006520e-01,1.076233025237342433e+00,7.353496010846797271e-01,-3.019176500797223772e-01,1.152473710205829338e+00,3.654493648642917480e-01,-3.097568056898702960e-01,-4.877119926355833468e-01,-3.133273758448092972e-01,6.000000000000000000e+00
-3.914443456261750831e-01,1.152930730750593824e+00,1.183259231180255888e+00,-6.367166545479385764e-02,1.169264567265621446e+00,1.831480691250711723e-01,2.274974634820850217e-01,-4.877119926355833468e-01,2.208921248977651630e-01,6.000000000000000000e+00
-3.457012012858838301e-01,1.141971066420979453e+00,1.093679261910141642e+00,-4.201735540223449500e-02,1.160869138735725281e+00,6.920975928805829513e-02,3.015994237411865342e-01,-4.456521904481591245e-01,1.615411616140213225e-01,6.000000000000000000e+00
-5.000387868489196697e-01,1.218668771934230843e+00,8.249295703547939729e-01,2.612012741897271617e-01,7.662167575563426647e-01,3.198740409294865694e-01,4.498033442593896702e-01,-4.035823930605952348e-01,-7.589310711539400123e-02,6.000000000000000000e+00
6.314230141040609590e-02,-3.590541888700837236e-01,-1.952137530723792702e+00,-6.267905897242433966e-01,-2.582176381603125681e-01,-1.138536324984277925e+00,-7.728990764070780006e-01,-4.456521904481591245e-01,4.880018752690524209e-01,6.000000000000000000e+00
3.304645675712175601e-01,-6.767947028556791089e-01,-1.907347546088735468e+00,-9.733178394213236606e-01,-5.353148084142166363e-01,-1.161323986951680265e+00,-1.532459226356337911e+00,-7.401107865606870728e-01,7.551116256403397342e-01,6.000000000000000000e+00
1.233879363809417651e+00,-1.531399210639985631e+00,-2.500594121215918841e-01,1.279128713228409042e+00,-9.719635437500129260e-01,4.642209732065573358e-02,9.500066333017941345e-01,1.573478189751833956e+00,-5.507515060427446985e-01,6.000000000000000000e+00
3.376011674521539052e-01,-6.110566616720419786e-01,-1.907347546088735468e+00,-9.516635293687644159e-01,-3.505865634961027877e-01,-1.184111648919082826e+00,-1.402775776805087249e+00,-6.980409891731232941e-01,9.925458943697550440e-01,6.000000000000000000e+00
-3.914443456261750831e-01,1.087192689566956583e+00,6.905596164496227152e-01,-2.369450051126891499e-01,1.160869138735725281e+00,3.882370268316942541e-01,-3.097568056898702960e-01,-4.877119926355833468e-01,-2.242907923877135723e-01,6.000000000000000000e+00
9.594303413537123015e-01,-1.761482354782715420e+00,-1.101098471422692349e+00,7.160195037683145802e-01,-1.408602673332342459e+00,3.426617028968891310e-01,1.098210553819997326e+00,1.867936785864362070e+00,-7.881857747721600083e-01,6.000000000000000000e+00
1.325365652490000157e+00,-1.487570525718552528e+00,-1.101098471422692349e+00,-1.601399693848451156e+00,-1.207073965600969689e+00,-1.685450295238208218e+00,-1.402775776805087249e+00,8.583715957643655026e-01,-5.804371262160965550e-01,6.000000000000000000e+00
1.062345033429835883e+00,-1.783401683441943941e+00,-1.190678440692806150e+00,6.727011688538406808e-01,-1.408602673332342459e+00,3.426617028968891310e-01,1.079690082853044908e+00,1.741737388901809958e+00,-6.991491913150642556e-01,6.000000000000000000e+00
8.679440526731296845e-01,-1.640965936745055309e+00,-1.414638147613096919e+00,-1.536427048881418234e+00,-8.544083328245344333e-01,-1.366412944658303541e+00,-1.032255937313933503e+00,5.218531974644131655e-01,-1.174007590242414745e+00,6.000000000000000000e+00
1.130964671733294180e+00,-1.728613334190896689e+00,-1.056308486787635115e+00,6.727011688538406808e-01,-1.375020959212758020e+00,4.566000127339019943e-01,8.944251440096449013e-01,1.657607789326822179e+00,-6.991491913150642556e-01,6.000000000000000000e+00
-3.099296096068180351e-01,1.141971066420979453e+00,1.093679261910141642e+00,2.295528956479868030e-02,1.202855887138672308e+00,3.882370268316942541e-01,5.980173029732387402e-01,-3.194527934856071782e-01,3.099287083548609156e-01,6.000000000000000000e+00
3.233279676902812705e-01,-6.767947028556791089e-01,-1.862557561453678456e+00,-9.516635293687644159e-01,-5.773015568171637746e-01,-1.161323986951680265e+00,-1.458357266097236371e+00,-6.139113895981351821e-01,8.738338292707873434e-01,6.000000000000000000e+00
-3.041711117718556290e-01,1.109102045829160721e+00,6.905596164496227152e-01,-4.201735540223449500e-02,1.379188703526890158e+00,4.566000127339019943e-01,-6.892041574996725373e-02,-3.615225908731710125e-01,1.314347634170174965e-02,6.000000000000000000e+00
-3.199011622680436040e-01,1.229628436263844993e+00,1.093679261910141642e+00,-6.367166545479385764e-02,1.135682853146037230e+00,2.515110550272788292e-01,4.498033442593896702e-01,-4.035823930605952348e-01,2.802532267129890231e-01,6.000000000000000000e+00
3.690711120305725235e-01,-6.329660179342463389e-01,-1.952137530723792702e+00,-9.516635293687644159e-01,-4.681417744215813359e-01,-1.229686972853888172e+00,-1.236041347124285927e+00,-5.718415922105712923e-01,7.551116256403397342e-01,7.000000000000000000e+00
-1.727001765859441373e-01,1.196759415672026483e+00,1.183259231180255888e+00,4.461931442671315806e-02,1.211251315668568473e+00,1.603604071576685830e-01,1.348649940603850461e-01,-3.615225908731710125e-01,1.318555414406694104e-01,7.000000000000000000e+00
-2.126848230912729842e-01,1.185799751342412112e+00,1.362428953465489645e+00,1.300979512239325026e-03,1.228042172728360804e+00,1.375727451902659937e-01,1.163445230934326696e-01,-3.194527934856071782e-01,1.912166432558932150e-01,7.000000000000000000e+00
1.291060755131292481e+00,-1.498530190048166899e+00,-1.056308486787635115e+00,-1.644718028762925277e+00,-1.207073965600969689e+00,-1.685450295238208218e+00,-1.365724796675536590e+00,1.068700592301905505e+00,-9.068978398711275979e-01,7.000000000000000000e+00
-2.484564147703387516e-01,1.229628436263844993e+00,1.138469246545198876e+00,1.312462694463056856e-01,1.253238064071515723e+00,2.970863789620840079e-01,1.904464833525342515e-01,-3.615225908731710125e-01,4.880018752690524209e-01,7.000000000000000000e+00
-1.984116233294003218e-01,1.207719080001640855e+00,9.145095396249079966e-01,1.312462694463056856e-01,1.177669601548984257e+00,3.426617028968891310e-01,9.781401393083424822e-02,-4.035823930605952348e-01,1.912166432558932150e-01,7.000000000000000000e+00
-4.314191485454613173e-01,1.383013874893323392e+00,8.249295703547939729e-01,4.344648990382673492e-01,1.060104784870039119e+00,3.654493648642917480e-01,8.018027127835910539e-01,-3.615225908731710125e-01,5.176874954424043329e-01,7.000000000000000000e+00
-2.126848230912729842e-01,1.098152353896570732e+00,7.801395857197368500e-01,-1.936266701982153338e-01,1.202855887138672308e+00,3.882370268316942541e-01,-2.356448072351226830e-01,-4.035823930605952348e-01,-1.649296905724897400e-01,7.000000000000000000e+00
-2.126848230912729842e-01,1.207719080001640855e+00,9.592995242599650085e-01,2.178829392752533456e-01,1.160869138735725281e+00,3.198740409294865694e-01,1.348649940603850461e-01,-3.194527934856071782e-01,3.396143285282128277e-01,7.000000000000000000e+00
-2.126848230912729842e-01,1.273457121185277874e+00,1.317638968830432633e+00,1.312462694463056856e-01,1.261633492601411666e+00,2.059357310924737061e-01,1.904464833525342515e-01,-3.194527934856071782e-01,3.989652918119566682e-01,7.000000000000000000e+00
-3.256695036890486783e-01,1.218668771934230843e+00,1.004099292640027841e+00,4.994375440053005488e-01,9.509450024744565688e-01,5.021753366687070619e-01,6.165377739401912693e-01,-3.194527934856071782e-01,2.505777450711170751e-01,7.000000000000000000e+00
-1.340936321265891740e-01,7.256334630569526434e-01,6.348026406881300543e-02,6.727011688538406808e-01,3.379634507504425400e-01,-7.283584095710315953e-01,1.487250864278103268e+00,6.480425992268254998e-01,6.363995605413720336e-01,7.000000000000000000e+00
5.600570152946973690e-02,-7.419266787333098079e-02,-6.083988566920591756e-01,-1.168245489131778392e+00,4.135415190264406515e-01,-1.434775930560511226e+00,-2.912262965272718884e-01,-7.821705887481112951e-01,7.250457815692556984e-02,7.000000000000000000e+00
1.932351345503436624e-01,-2.275781065028094630e-01,-1.369848162978039907e+00,-4.535172500663480766e-01,8.605256608622677272e-02,-1.138536324984277925e+00,-3.653282567863734287e-01,1.706560481434512416e-02,1.081582477826850575e+00,7.000000000000000000e+00
1.348242146453167090e+00,-1.487570525718552528e+00,-1.056308486787635115e+00,-1.514772738828858767e+00,-1.190283108541177581e+00,-1.731025619173013341e+00,-1.254571856286884168e+00,9.004313979517897248e-01,-9.365834600444795655e-01,7.000000000000000000e+00
4.905606509692158057e-01,-5.234092642262007100e-01,-1.772967808438558945e+00,-1.124927154217304714e+00,-4.681417744215813359e-01,-1.457563592527913787e+00,-1.402775776805087249e+00,-6.139113895981351821e-01,1.497089913470457612e+00,7.000000000000000000e+00
2.232482283944469958e-01,6.824307882355745702e-02,-9.219385328824640791e-01,-1.059954509250271348e+00,-6.306753496096771314e-03,-1.343625282690900979e+00,-6.246951558888748091e-01,-1.034559387473075409e+00,9.628704127278830960e-01,7.000000000000000000e+00
1.291060755131292481e+00,-1.246527717246208589e+00,-1.280268193707925883e+00,-1.428136068999910968e+00,-1.282652033876967801e+00,-1.617087309336000533e+00,-1.254571856286884168e+00,7.321721988018136118e-01,-8.772223582292557609e-01,7.000000000000000000e+00
-3.813842006905655002e-01,1.043364004645523702e+00,6.457598480695602161e-01,1.300979512239325026e-03,1.563926554198470598e+00,4.793876747013045558e-01,-8.744088671691961634e-02,-4.035823930605952348e-01,1.615411616140213225e-01,7.000000000000000000e+00
2.389782788906349709e-01,-1.940431862228392604e-02,-8.323487798673444571e-01,-1.059954509250271348e+00,1.048410356369537839e-02,-1.275262296788693295e+00,-7.914195473740304188e-01,-1.076629184860639521e+00,9.331847925545312394e-01,7.000000000000000000e+00
9.462208957486736849e-02,-6.323300354371673426e-02,-5.635990883119966766e-01,-9.516635293687644159e-01,4.051460904965445975e-01,-1.503138916462718910e+00,-1.800733561386195780e-01,-8.242403861356751849e-01,4.281895798357367861e-02,7.000000000000000000e+00
1.546285900909886990e-01,-2.275781065028094630e-01,-1.235478209072868871e+00,-3.452262701848410886e-01,5.247085196664246637e-02,-1.138536324984277925e+00,-5.691136665967257979e-01,-4.877119926355833468e-01,9.035093109126592914e-01,7.000000000000000000e+00
-7.407728802442517524e-02,7.475428193191567816e-01,1.530602333389270986e-01,7.376738138208738249e-01,3.799501991533896228e-01,-6.144200997340186765e-01,1.616934313829353931e+00,6.059827970394012775e-01,5.473629770842762809e-01,7.000000000000000000e+00
1.775050840541556874e-01,2.505037639920363549e-03,-5.635990883119966766e-01,-9.299995045068499833e-01,2.707904167578071841e-01,-1.275262296788693295e+00,-3.282772766568226586e-01,-7.401107865606870728e-01,3.099287083548609156e-01,7.000000000000000000e+00
1.932351345503436624e-01,5.728341449394320356e-02,-9.667285175175210910e-01,-8.650268595398167282e-01,3.567999490685030278e-02,-1.298049958756095634e+00,-4.579607262080733765e-01,-7.401107865606870728e-01,1.200294542925818497e+00,7.000000000000000000e+00
4.027565103328176882e-02,1.887594968612173740e-01,-1.056308486787635115e+00,-5.834722548097696082e-01,-4.829350189904385582e-02,-1.275262296788693295e+00,-4.579607262080733765e-01,-3.194527934856071782e-01,1.081582477826850575e+00,7.000000000000000000e+00
5.134371449323826830e-01,-5.234092642262007100e-01,-1.817767576818621666e+00,-8.650268595398167282e-01,-4.345600603019969532e-01,-1.320837620723498418e+00,-1.254571856286884168e+00,-6.139113895981351821e-01,1.319016746556266106e+00,7.000000000000000000e+00
9.462208957486736849e-02,1.449407843368088200e-01,-1.101098471422692349e+00,-4.535172500663480766e-01,-3.150264483925170611e-02,-1.298049958756095634e+00,-5.320626864671750278e-01,-2.773929912981829560e-01,1.051906996184978738e+00,7.000000000000000000e+00
1.027240077522110530e-02,1.339811200071945596e-01,-1.280268193707925883e+00,-7.350815696057503290e-01,-9.028025030199093859e-02,-1.320837620723498418e+00,-6.061646467262765681e-01,-5.297817900231470700e-01,9.628704127278830960e-01,7.000000000000000000e+00
1.027240077522110530e-02,7.920274315317171743e-02,-1.145888456057749361e+00,-1.719626453363008733e-01,2.088675033799303540e-03,-1.275262296788693295e+00,-2.356448072351226830e-01,-1.091337921482067874e-01,1.200294542925818497e+00,7.000000000000000000e+00
4.027565103328176882e-02,8.023211961731796515e-01,1.082702487038700589e-01,8.026561735972621570e-01,3.799501991533896228e-01,-5.916324377666162260e-01,1.802199252672753937e+00,5.639129996518374988e-01,6.067240788995000855e-01,7.000000000000000000e+00
1.017488458697610454e-01,9.118879222782496630e-01,2.426402026090412056e-01,8.676288185642954121e-01,4.891099815489720615e-01,-5.232694518644084303e-01,1.505781373440701731e+00,-2.499419737307911546e-02,6.363995605413720336e-01,7.000000000000000000e+00
-3.785394043242336637e-01,1.404933203552552134e+00,1.138469246545198876e+00,4.344648990382673492e-01,1.219646744198464638e+00,4.110246887990968157e-01,9.500066333017941345e-01,-3.194527934856071782e-01,9.035093109126592914e-01,7.000000000000000000e+00
1.246253398329280476e-01,1.230214556775802853e-01,-9.219385328824640791e-01,-9.083451944542906276e-01,3.567999490685030278e-02,-1.229686972853888172e+00,-1.615428469760211705e-01,-6.139113895981351821e-01,1.200294542925818497e+00,7.000000000000000000e+00
-3.785394043242336637e-01,1.426842559814756495e+00,1.004099292640027841e+00,4.344648990382673492e-01,1.194460458608776365e+00,4.338123507664993772e-01,9.685271042687465526e-01,-4.035823930605952348e-01,4.583263936271804728e-01,7.000000000000000000e+00
-1.884400706681747806e-01,1.196759415672026483e+00,5.113898941643890694e-01,6.293828339393668925e-01,7.242300091533957485e-01,1.603604071576685830e-01,1.098210553819997326e+00,-3.615225908731710125e-01,8.441482090974354868e-01,8.000000000000000000e+00
-2.484564147703387516e-01,1.185799751342412112e+00,3.770199402592178672e-01,5.427558789197743927e-01,6.906386892803446642e-01,6.920975928805829513e-02,1.172312514079098866e+00,-2.773929912981829560e-01,7.847972458136915908e-01,8.000000000000000000e+00
6.277900839900896202e-01,-5.234092642262007100e-01,-1.549017885263273664e+00,-4.318629400137887209e-01,-3.253906721529479240e-01,-1.206899310886485610e+00,-1.273092327253836586e+00,-5.718415922105712923e-01,1.497089913470457612e+00,8.000000000000000000e+00
1.474919902100523539e-01,8.790189016864310423e-01,2.426402026090412056e-01,7.376738138208738249e-01,4.723191244891798424e-01,-4.549064659622008011e-01,1.542832353570252391e+00,5.913540220190897229e-02,6.660750421832439816e-01,8.000000000000000000e+00
-8.835048778629786548e-02,6.160667369518826320e-01,-1.156894582164206819e-01,3.478282292093196615e-01,5.227013014220229792e-01,-1.047385677114667457e+00,1.116741062982595567e+00,1.011952043893332015e-01,6.660750421832439816e-01,8.000000000000000000e+00
-3.556727539471093436e-01,1.295366477447482012e+00,8.249295703547939729e-01,4.994375440053005488e-01,8.669811114220290493e-01,2.515110550272788292e-01,1.135261533949547985e+00,-1.932633917231948717e-01,1.081582477826850575e+00,8.000000000000000000e+00
-2.255799208071717632e-01,1.174840087012797962e+00,4.665999095293320020e-01,5.860742138342481811e-01,6.150702267578131988e-01,1.147850832228634599e-01,1.153792043112146448e+00,-2.353231939106191217e-01,8.144727274555635388e-01,8.000000000000000000e+00
7.174559561170038013e-02,4.407619696631757122e-01,-2.052694274865347890e-01,-2.152809802507746895e-01,5.310967299519191442e-01,-9.790226912124598835e-01,7.276907143288435798e-01,-1.511935943356310097e-01,6.363995605413720336e-01,8.000000000000000000e+00
6.206534841091533306e-01,-5.672279767506092085e-01,-1.549017885263273664e+00,-2.585993151652485889e-01,-2.834135295034674873e-01,-1.298049958756095634e+00,-1.291622836416435050e+00,-5.718415922105712923e-01,1.437728811655233585e+00,8.000000000000000000e+00
-2.341832150084660613e-01,1.284406813117867863e+00,5.113898941643890694e-01,6.077285238868075368e-01,7.914030431460309378e-01,1.831480691250711723e-01,1.264944983500798648e+00,-1.091337921482067874e-01,8.738338292707873434e-01,8.000000000000000000e+00
-5.834723752823718634e-02,6.489357575437012526e-01,-1.604794428514777216e-01,3.694922540712342052e-01,5.143058728921269251e-01,-1.001810353179862334e+00,1.450199884148552609e+00,1.853248039643212719e-01,6.363995605413720336e-01,8.000000000000000000e+00
5.891835395307346568e-01,-6.000969973424277182e-01,-1.638597854533387910e+00,-4.535172500663480766e-01,-3.757728490857910608e-01,-1.343625282690900979e+00,-1.291622836416435050e+00,-6.139113895981351821e-01,1.319016746556266106e+00,8.000000000000000000e+00
6.506665779532566640e-01,-5.891473054098377293e-01,-1.593807869898330676e+00,-6.917632346912765406e-01,-3.673774205558949513e-01,-1.343625282690900979e+00,-1.310143307383387468e+00,-5.297817900231470700e-01,1.378367709840010003e+00,8.000000000000000000e+00
-2.641864652665267266e-01,1.196759415672026483e+00,1.093679261910141642e+00,1.529102943082201738e-01,7.326254376832918025e-01,2.742987169946813908e-01,7.462212234914418207e-01,-2.353231939106191217e-01,1.022221376011626992e+00,8.000000000000000000e+00
-1.569701260897561623e-01,1.229628436263844993e+00,4.665999095293320020e-01,1.019228418550921056e+00,6.234656552877092528e-01,-2.194088858155196498e-02,1.413148904019001728e+00,5.913540220190897229e-02,8.738338292707873434e-01,8.000000000000000000e+00
6.435299780723203744e-01,-5.672279767506092085e-01,-1.549017885263273664e+00,-6.700992098293621080e-01,-3.673774205558949513e-01,-1.320837620723498418e+00,-1.273092327253836586e+00,-4.877119926355833468e-01,1.289331126382914139e+00,8.000000000000000000e+00
-2.870629592296937149e-01,1.185799751342412112e+00,1.093679261910141642e+00,1.745646043607795295e-01,7.914030431460309378e-01,2.742987169946813908e-01,8.018027127835910539e-01,-1.932633917231948717e-01,9.925458943697550440e-01,8.000000000000000000e+00
-2.713230651474630717e-01,1.262497456855663502e+00,8.249295703547939729e-01,5.644101889723336374e-01,8.921673970117173225e-01,2.970863789620840079e-01,1.301995963630349529e+00,-1.511935943356310097e-01,1.051906996184978738e+00,8.000000000000000000e+00
1.088854457506973905e-01,9.557166071996823220e-01,3.322201718791553127e-01,1.084210778327309388e+00,4.807145530190760074e-01,-5.004817898970058687e-01,1.839250232802304819e+00,1.432650017768970496e-01,7.551116256403397342e-01,8.000000000000000000e+00
-9.695378198759214972e-02,1.229628436263844993e+00,6.009698634345030932e-01,8.459647937023809794e-01,6.234656552877092528e-01,1.375727451902659937e-01,1.468730393311150850e+00,1.706560481434512416e-02,9.628704127278830960e-01,8.000000000000000000e+00
-8.121388790536150648e-02,1.163890395080207973e+00,8.697195549898508737e-01,7.809921487353477243e-01,7.746121860862388298e-01,-1.130915364511622390e-01,1.264944983500798648e+00,3.956538005018612747e-01,6.957606623565958381e-01,8.000000000000000000e+00
3.313905115234541676e-02,1.229628436263844993e+00,6.905596164496227152e-01,1.062546753465394955e+00,6.150702267578131988e-01,-2.270298462881751023e-01,1.264944983500798648e+00,1.432650017768970496e-01,6.067240788995000855e-01,8.000000000000000000e+00
2.847214232309262516e-01,1.230214556775802853e-01,-9.219385328824640791e-01,-1.719626453363008733e-01,1.887953209359145845e-02,-1.138536324984277925e+00,-1.059713958795180100e-01,3.115242009268731627e-01,1.348692228198137943e+00,8.000000000000000000e+00
1.017488458697610454e-01,1.174840087012797962e+00,8.249295703547939729e-01,9.326014635313285561e-01,7.494162947430839106e-01,-1.814545223533699514e-01,1.283475492663397111e+00,3.115242009268731627e-01,8.144727274555635388e-01,8.000000000000000000e+00
1.027240077522110530e-02,1.240588100593459364e+00,6.905596164496227152e-01,1.300792738090323475e+00,5.982697639445544446e-01,-2.270298462881751023e-01,1.301995963630349529e+00,1.706560481434512416e-02,5.473629770842762809e-01,8.000000000000000000e+00
2.775848233499899620e-01,1.306326141777096383e+00,4.218099248942748791e-01,1.170837733346901777e+00,6.066747982279172557e-01,-3.865434800599930609e-01,1.931872664028358777e+00,3.956538005018612747e-01,8.738338292707873434e-01,8.000000000000000000e+00
8.036260614703185645e-01,-6.767947028556791089e-01,-1.817767576818621666e+00,-6.917632346912765406e-01,-6.948663734961089133e-01,-1.548714240397524033e+00,-1.050786446476531966e+00,3.115242009268731627e-01,6.957606623565958381e-01,8.000000000000000000e+00
-1.260409318794588653e-02,1.251537792526049353e+00,6.905596164496227152e-01,1.344101358195441964e+00,5.478875870117112523e-01,-2.498175082555776361e-01,1.413148904019001728e+00,5.913540220190897229e-02,6.957606623565958381e-01,8.000000000000000000e+00
7.950227672690242109e-01,-6.439256822638605993e-01,-1.817767576818621666e+00,-7.783901897108691514e-01,-7.032618020260049674e-01,-1.503138916462718910e+00,-9.581539770548319623e-01,2.273946013518851061e-01,6.067240788995000855e-01,8.000000000000000000e+00
-1.974069306888222991e-02,1.174840087012797962e+00,8.697195549898508737e-01,7.809921487353477243e-01,7.578117232729799646e-01,-1.130915364511622390e-01,1.172312514079098866e+00,5.639129996518374988e-01,8.738338292707873434e-01,8.000000000000000000e+00
8.036260614703185645e-01,-6.548853465934748597e-01,-1.817767576818621666e+00,-7.783901897108691514e-01,-6.864613392127461022e-01,-1.480351254495316349e+00,-8.099500565366288818e-01,2.273946013518851061e-01,6.067240788995000855e-01,8.000000000000000000e+00
-7.407728802442517524e-02,1.141971066420979453e+00,6.457598480695602161e-01,8.243104836498215127e-01,7.242300091533957485e-01,-1.586668603859673898e-01,1.227894003371247988e+00,3.956538005018612747e-01,8.441482090974354868e-01,8.000000000000000000e+00
8.793724560686705383e-01,-5.562782848180192197e-01,-1.145888456057749361e+00,-4.968355849808218649e-01,-4.093641689588420896e-01,-1.434775930560511226e+00,-1.161939386865184387e+00,-3.615225908731710125e-01,1.467404293297105644e+00,8.000000000000000000e+00
8.336293117283791743e-01,-5.891473054098377293e-01,-1.683387839168444922e+00,-6.700992098293621080e-01,-4.261550260186341976e-01,-1.343625282690900979e+00,-7.543685672444796486e-01,2.273946013518851061e-01,6.363995605413720336e-01,8.000000000000000000e+00
1.474033332492457715e+00,-1.312265758429845830e+00,-1.011518502152578103e+00,-1.211554109236897103e+00,-1.139900931608334389e+00,-1.662662633270805657e+00,-9.766844862174303143e-01,1.152830191876893728e+00,-5.210760244008727504e-01,8.000000000000000000e+00
1.174887399519916886e-01,1.295366477447482012e+00,6.457598480695602161e-01,1.257474403175849575e+00,6.318610838176054179e-01,-4.549064659622008011e-01,1.783668743510155696e+00,3.956538005018612747e-01,8.144727274555635388e-01,9.000000000000000000e+00
9.462208957486736849e-02,1.262497456855663502e+00,6.009698634345030932e-01,1.257474403175849575e+00,6.402565123475014719e-01,-4.776941279296033627e-01,2.043035642612657021e+00,4.797834000768493312e-01,9.925458943697550440e-01,9.000000000000000000e+00
9.865986388314837985e-01,-8.082707852229532586e-01,-1.728177823803501933e+00,-6.917632346912765406e-01,-8.460032985411716222e-01,-1.571511985401195410e+00,-1.217520876157333509e+00,5.639129996518374988e-01,8.441482090974354868e-01,9.000000000000000000e+00
1.775050840541556874e-01,1.284406813117867863e+00,6.457598480695602161e-01,1.387419693109915864e+00,5.982697639445544446e-01,-3.181804941577853763e-01,1.561362862732851076e+00,3.535840031142973849e-01,8.144727274555635388e-01,9.000000000000000000e+00
9.479920943721288351e-01,-5.124495998965863386e-01,-1.190678440692806150e+00,-3.235719601322817329e-01,-3.337957064363106796e-01,-1.366412944658303541e+00,-8.470010366661796519e-01,-3.615225908731710125e-01,1.319016746556266106e+00,9.000000000000000000e+00
-2.833414368413385634e-02,1.251537792526049353e+00,4.665999095293320020e-01,1.084210778327309388e+00,7.326254376832918025e-01,2.363443535325316855e-02,1.524311882603300194e+00,1.853248039643212719e-01,9.925458943697550440e-01,9.000000000000000000e+00
8.336293117283791743e-01,-6.110566616720419786e-01,-1.235478209072868871e+00,-6.917632346912765406e-01,-3.505865634961027877e-01,-1.525926578430121694e+00,-1.032255937313933503e+00,-4.456521904481591245e-01,1.437728811655233585e+00,9.000000000000000000e+00
1.032341783171775385e+00,-9.287971756576374194e-01,-1.772967808438558945e+00,-2.585993151652485889e-01,-9.299767953470657877e-01,-1.229686972853888172e+00,-9.581539770548319623e-01,5.218531974644131655e-01,1.200294542925818497e+00,9.000000000000000000e+00
1.199574466450709753e+00,-8.520994701443861397e-01,-1.593807869898330676e+00,-2.369450051126891499e-01,-1.114714646018646338e+00,-1.229686972853888172e+00,-9.025825259583286631e-01,6.901123966143893895e-01,1.378367709840010003e+00,9.000000000000000000e+00
1.885711787969036823e+00,-1.049313593695297531e+00,1.082702487038700589e-01,-4.102086299612293652e-01,-1.677314020809816952e+00,-1.047385677114667457e+00,-1.198990366994735046e+00,1.363149193214294064e+00,5.473629770842762809e-01,9.000000000000000000e+00
2.022941220989910249e+00,-9.945352168412745497e-01,-9.219385328824640791e-01,-9.299995045068499833e-01,-1.181887680011281416e+00,-1.161323986951680265e+00,-1.402775776805087249e+00,1.321089391026869730e+00,6.957606623565958381e-01,9.000000000000000000e+00
2.068684365330201835e+00,-1.038363901762707320e+00,-8.771387645024015800e-01,-8.433725494872574835e-01,-1.215478999884332501e+00,-1.161323986951680265e+00,-1.347204325708584172e+00,1.447278792789282065e+00,4.583263936271804728e-01,9.000000000000000000e+00
9.479920943721288351e-01,-5.453186204884048482e-01,-7.875587952322875562e-01,-3.235719601322817329e-01,-3.589819920259988972e-01,-1.708237957205610780e+00,-9.581539770548319623e-01,-3.194527934856071782e-01,1.645477460211296927e+00,9.000000000000000000e+00
1.291060755131292481e+00,-9.178375113280231590e-01,-1.728177823803501933e+00,-8.533569031670831806e-02,-8.460032985411716222e-01,-1.184111648919082826e+00,-8.655315458287778929e-01,5.639129996518374988e-01,1.586126496927553475e+00,9.000000000000000000e+00
1.572646377467934009e+00,-8.411398058147717682e-01,-1.325058178342982895e+00,-5.618082299478550645e-01,-1.039136577742648004e+00,-1.184111648919082826e+00,-1.124888406735633506e+00,1.068700592301905505e+00,1.319016746556266106e+00,9.000000000000000000e+00
1.291060755131292481e+00,-8.959281550658189097e-01,-1.683387839168444922e+00,-1.069900003692676738e-01,-9.131859382872735686e-01,-1.229686972853888172e+00,-8.470010366661796519e-01,6.901123966143893895e-01,1.615801978569425312e+00,9.000000000000000000e+00
1.535506527328936777e+00,-7.644520726985447601e-01,-1.145888456057749361e+00,-4.535172500663480766e-01,-1.064332469085802924e+00,-1.184111648919082826e+00,-9.952049571843826214e-01,1.405218990601857953e+00,1.378367709840010003e+00,9.000000000000000000e+00
1.565519621173040221e+00,-6.987140315149076297e-01,-1.056308486787635115e+00,-4.535172500663480766e-01,-1.047532006272544169e+00,-1.206899310886485610e+00,-8.840520167957304221e-01,1.447278792789282065e+00,1.289331126382914139e+00,9.000000000000000000e+00
1.805663746270037562e+00,-1.038363901762707320e+00,-8.771387645024015800e-01,-6.051265648623289639e-01,-1.786473803205399502e+00,-1.092961001049472802e+00,-1.236041347124285927e+00,1.236959791451881507e+00,6.957606623565958381e-01,9.000000000000000000e+00
1.481169932373394005e+00,-8.740088264065903889e-01,-1.325058178342982895e+00,-3.885446050993149325e-01,-1.039136577742648004e+00,-1.184111648919082826e+00,-9.766844862174303143e-01,1.026630794914341616e+00,1.348692228198137943e+00,9.000000000000000000e+00
1.885711787969036823e+00,-7.096637234474977296e-01,-1.011518502152578103e+00,-3.668902950467555213e-01,-1.089518754675491419e+00,-1.161323986951680265e+00,-9.211029969252811922e-01,1.405218990601857953e+00,1.378367709840010003e+00,9.000000000000000000e+00
1.931454932309328187e+00,-7.754017646311347489e-01,-1.056308486787635115e+00,1.300979512239325026e-03,-1.559749204130871814e+00,-9.790226912124598835e-01,-8.470010366661796519e-01,1.363149193214294064e+00,1.319016746556266106e+00,9.000000000000000000e+00
2.125865756652076666e+00,-1.082182614287115818e+00,-9.667285175175210910e-01,-6.267905897242433966e-01,-1.114714646018646338e+00,-1.138536324984277925e+00,-1.013735466346981307e+00,1.615537991939258289e+00,6.957606623565958381e-01,9.000000000000000000e+00
1.862845137591912392e+00,-1.224618360984004228e+00,-1.414638147613096919e+00,-9.299995045068499833e-01,-1.291047462406863966e+00,-1.434775930560511226e+00,-1.569510206485888792e+00,1.068700592301905505e+00,-3.430028574866811897e-01,9.000000000000000000e+00
1.649869309972686438e+00,-7.096637234474977296e-01,-9.219385328824640791e-01,-3.885446050993149325e-01,-1.055937040555906981e+00,-1.161323986951680265e+00,-1.050786446476531966e+00,1.447278792789282065e+00,1.348692228198137943e+00,9.000000000000000000e+00
1.897150034950620290e+00,-7.754017646311347489e-01,-1.056308486787635115e+00,2.295528956479868030e-02,-1.534562918541183540e+00,-8.422967194080444031e-01,-8.099500565366288818e-01,1.363149193214294064e+00,1.289331126382914139e+00,9.000000000000000000e+00
1.737053951552621989e+00,-1.169839984129981580e+00,-1.593807869898330676e+00,-9.516635293687644159e-01,-1.333034210809810993e+00,-1.320837620723498418e+00,-1.402775776805087249e+00,1.194889994064317840e+00,1.314347634170174965e-02,9.000000000000000000e+00
1.920016685327744499e+00,-7.096637234474977296e-01,-9.219385328824640791e-01,-1.286540252311821619e-01,-1.165096822951489308e+00,-1.115748663016875364e+00,-9.025825259583286631e-01,1.447278792789282065e+00,1.556440876754201286e+00,9.000000000000000000e+00
1.897150034950620290e+00,-1.509489854377781271e+00,-9.667285175175210910e-01,-1.168245489131778392e+00,-1.257456142533812882e+00,-1.844963929010026149e+00,-1.717714127004092095e+00,1.110760394489329839e+00,-1.352542089306178197e-01,9.000000000000000000e+00
1.851406890610328926e+00,-8.301901138821817794e-01,-1.011518502152578103e+00,6.627362447927249989e-02,-1.475785313078444183e+00,-8.195090574406418416e-01,-8.470010366661796519e-01,1.405218990601857953e+00,1.170619061283946438e+00,9.000000000000000000e+00
1.645567662872039261e+00,-1.180789676062571569e+00,-1.638597854533387910e+00,-9.299995045068499833e-01,-1.349825067869603101e+00,-1.320837620723498418e+00,-1.273092327253836586e+00,1.405218990601857953e+00,-3.133273758448092972e-01,9.000000000000000000e+00
2.034379467971493938e+00,-7.425327440393162393e-01,-9.667285175175210910e-01,-4.201735540223449500e-02,-1.484180741608340570e+00,-8.878720433428495262e-01,-8.470010366661796519e-01,1.531408392364270066e+00,1.408053330013361970e+00,9.000000000000000000e+00
1.931454932309328187e+00,-8.301901138821817794e-01,-8.323487798673444571e-01,-2.369450051126891499e-01,-1.727686591989193499e+00,-8.195090574406418416e-01,-8.840520167957304221e-01,1.405218990601857953e+00,1.200294542925818497e+00,9.000000000000000000e+00
1.931454932309328187e+00,-1.049313593695297531e+00,-1.325058178342982895e+00,-7.134175447438358963e-01,-1.274256605347071636e+00,-1.138536324984277925e+00,-9.025825259583286631e-01,1.699677586714385846e+00,4.286509119853085803e-01,9.000000000000000000e+00
2.125865756652076666e+00,-1.060273258024911458e+00,-1.011518502152578103e+00,-6.267905897242433966e-01,-1.274256605347071636e+00,-1.092961001049472802e+00,-9.581539770548319623e-01,1.615537991939258289e+00,6.957606623565958381e-01,9.000000000000000000e+00
